term,slug,target_language,translation,origin_background,vervaeke_usage,provenance,source_note_title,source_note_id,source_link,status,origin_confidence,notes
4E cognition,4e-cognition,plain-english,"The family of approaches that say mind is not just brain-bound symbol processing, but embodied, embedded, enactive, and extended.","The 4E umbrella became common as philosophers and cognitive scientists grouped together several anti-brain-bound approaches. Major background sources include Varela, Thompson, and Rosch’s The Embodied Mind (1991) for enactive and embodied themes, and Clark and Chalmers’s The Extended Mind (1998) for the extended-cognition strand.","Vervaeke often works inside this broader post-cognitivist space, especially when stressing that cognition is enacted through body, environment, skill, and participatory sense-making rather than only inner representation.",manual-enrichment | 4e-cogsci-background,Manual corpus enrichment — 4E cognitive science background,manual-4p-4e-2026-07-15,,seed-current,grounded,Added because the app should expose the wider cognitive-science lineage around Vervaeke’s terminology.
4Ps of knowing,4ps-of-knowing,plain-english,"Vervaeke’s fourfold map of knowing: propositional, procedural, perspectival, and participatory. The point is that cognition is not exhausted by explicit beliefs or facts.","This is Vervaeke’s umbrella taxonomy, but it is not made from nothing. Propositional and procedural clearly inherit the older knowing-that / knowing-how distinction, while perspectival and participatory draw on phenomenology, ecological psychology, and embodied or enactive cognitive science. The exact synthesis is distinctively his, but the ingredients are older.","He uses the 4Ps to argue that modern people often overvalue propositional knowledge and underappreciate the forms of knowing that actually reorient attention, skill, identity, and world-disclosure.",manual-enrichment | Vervaeke core frameworks,Manual corpus enrichment — Vervaeke core frameworks,manual-4p-4e-2026-07-15,,seed-current,provisional,Added to make the core Vervaeke cognition framework directly searchable in the corpus.
Absurdity,absurdity,plain-english,"The felt breakdown in which action, value, and intelligibility no longer hang together in a satisfying or reality-responsive way.","Absurdity is a major theme in existential thought, especially in modern reflections on meaninglessness, futility, and alienation.",Vervaeke treats absurdity as one face of the meaning crisis: adaptive intelligence can turn against itself and generate existential collapse.,manual-enrichment | POD notes doc | user-curated k sheet,POD's Awakening from the Meaning Crisis Notes,manual-pod-k-topup-2026-07-15,https://docs.google.com/document/d/1VEhfb09YIZLW1a__Ck4uq_618SYP4fwW5b3YimZaux4/edit?tab=t.0,seed-current,grounded,"Promoted from user-curated k row in the POD extraction sheet. Reference snippet: machinery that makes adaptively intelligent makes susceptible to foolishness. * Absurdity, alienation, futility, horror * Horror: grip on reality being undermined * Meaninglessness"
Actual and Potential,actual-and-potential,plain-english,The distinction between what something already is in operation and what it is capable of becoming or realizing.,"The classic source is Aristotle’s account of potentiality and actuality as a way of thinking about development, form, and realization.","Vervaeke uses it to explain growth, virtue, rationality, and wisdom as processes of actualizing latent capacities rather than merely adding possessions.",manual-enrichment | POD notes doc | user-curated k sheet,POD's Awakening from the Meaning Crisis Notes,manual-pod-k-topup-2026-07-15,https://docs.google.com/document/d/1VEhfb09YIZLW1a__Ck4uq_618SYP4fwW5b3YimZaux4/edit?tab=t.0,seed-current,grounded,Promoted from user-curated k row in the POD extraction sheet. Reference snippet: akes a bird what it is (John seems to be using logos and eidos as synonyms) Actual and Potential * Aristotle wanted to talk in terms of development * Analogy of artifacts (human ma
Altered State of Consciousness,altered-state-of-consciousness,plain-english,"A condition in which attention, perception, self-experience, or salience are reorganized relative to ordinary waking consciousness.","The term spans psychology, neuroscience, ritual studies, and religious studies, covering trance, meditation, psychedelics, flow, and more.","Vervaeke investigates altered states because they can both reveal and distort salience, making them central to wisdom, ritual, and self-transformation.",manual-enrichment | POD notes doc | user-curated k sheet,POD's Awakening from the Meaning Crisis Notes,manual-pod-k-topup-2026-07-15,https://docs.google.com/document/d/1VEhfb09YIZLW1a__Ck4uq_618SYP4fwW5b3YimZaux4/edit?tab=t.0,seed-current,grounded,"Promoted from user-curated k row in the POD extraction sheet. Reference snippet: o alter their consciousness? * Why does intelligence need to be conjoined to an altered state of consciousness * Shamanism, and ritual, and the flow state (in the zone). * Psychede"
Alterred States of Consciousness,alterred-states-of-consciousness,plain-english,"A duplicate/variant spelling of altered states of consciousness, referring to shifts in awareness that can reconfigure perception, salience, and self-experience.","This is the same conceptual family as altered states of consciousness in psychology, ritual, and contemplative practice.","Vervaeke treats such states as double-edged: they can enable insight and transformation, but they can also destabilize orientation if not integrated wisely.",manual-enrichment | POD notes doc | user-curated k sheet,POD's Awakening from the Meaning Crisis Notes,manual-pod-k-topup-2026-07-15,https://docs.google.com/document/d/1VEhfb09YIZLW1a__Ck4uq_618SYP4fwW5b3YimZaux4/edit?tab=t.0,seed-current,provisional,Promoted from user-curated k row in the POD extraction sheet. Reference snippet: ehensive flowing relationship with reality (but still have to double check) Alterred States of Consciousness - 36:50: altered states of consciousness have potential to create insig
Analogy: Theory of Evolution,analogy-theory-of-evolution,plain-english,Using evolution as an analogy for how relevance can emerge through selective fit and adaptive dynamics rather than direct detection of fixed essences.,"The analogy relies on evolutionary thinking as a model for distributed, non-centralized problem solving and adaptation.","Vervaeke uses evolutionary analogy to argue that relevance is enacted and selected through interaction, not simply read off from objects.",manual-enrichment | POD notes doc | user-curated k sheet,POD's Awakening from the Meaning Crisis Notes,manual-pod-k-topup-2026-07-15,https://docs.google.com/document/d/1VEhfb09YIZLW1a__Ck4uq_618SYP4fwW5b3YimZaux4/edit?tab=t.0,seed-current,grounded,"Promoted from user-curated k row in the POD extraction sheet. Reference snippet: an’t be a theory of relevance detection. Don’t detect relevance in the object Analogy: Theory of Evolution * Before Darwin, people thought if studied the natural world could discov"
Analytical Philosophy,analytical-philosophy,plain-english,"The broad philosophical stream that emphasizes conceptual clarity, logic, argument analysis, and explicit problem formulation.","The label usually covers the Anglo-American tradition shaped by logic, language analysis, and formal argument, often contrasted with continental philosophy.","Vervaeke often works across the analytic-continental divide, using analytic precision while arguing that existential and phenomenological matters cannot be reduced to formal analysis alone.",manual-enrichment | POD notes doc | user-curated k1 sheet,POD's Awakening from the Meaning Crisis Notes,manual-pod-k1-2026-07-15,https://docs.google.com/document/d/1VEhfb09YIZLW1a__Ck4uq_618SYP4fwW5b3YimZaux4/edit?tab=t.0,seed-current,provisional,Promoted from user-curated k1 row in the POD extraction sheet.
"Ancient Greece: Literacy, Democracy and Rational Argumentation",ancient-greece-literacy-democracy-and-rational-argumentation,plain-english,"The Greek transformation in which literacy, public debate, and rational contestation reshaped thought, memory, and collective intelligence.","This bundles well-known features of classical Greece: alphabetic literacy, democratic participation, rhetoric, and philosophy.","Vervaeke treats this nexus as one engine of the Greek axial revolution because it trained attention, criticism, abstraction, and shared reasoning.",manual-enrichment | POD notes doc | user-curated k sheet,POD's Awakening from the Meaning Crisis Notes,manual-pod-k-topup-2026-07-15,https://docs.google.com/document/d/1VEhfb09YIZLW1a__Ck4uq_618SYP4fwW5b3YimZaux4/edit?tab=t.0,seed-current,grounded,"Promoted from user-curated k row in the POD extraction sheet. Reference snippet: ts processing for sense of how much in touch with reality * Ex: flow state Ancient Greece: Literacy, Democracy and Rational Argumentation * Greeks add vowels to the alphabet: incre"
Aristotle’s World-view,aristotles-world-view,plain-english,"A purposive, developmental picture of reality in which form, function, growth, and flourishing are basic to understanding the world.","This refers to Aristotle’s broader metaphysical and biological orientation, especially teleology, virtue, and the intelligibility of living systems.","Vervaeke uses Aristotle’s worldview to recover a more ecological and developmental understanding of mind, action, and intelligibility.",manual-enrichment | POD notes doc | user-curated k sheet,POD's Awakening from the Meaning Crisis Notes,manual-pod-k-topup-2026-07-15,https://docs.google.com/document/d/1VEhfb09YIZLW1a__Ck4uq_618SYP4fwW5b3YimZaux4/edit?tab=t.0,seed-current,grounded,Promoted from user-curated k row in the POD extraction sheet. Reference snippet: ng plausible and practical. That’s how we make sure we’re in touch with things. Aristotle’s World-view * What is the structural functional pattern of the world when I’m making sens
Authorship of constraints,authorship-of-constraints,plain-english,"The assumption that humans are the sole makers of the norms that bind them. The speakers oppose this by arguing that some real constraints are discovered, not invented.",,,anki-seed | Glossary – What Happens When a Culture Loses the Sacred,Glossary – What Happens When a Culture Loses the Sacred,0fa95d834e4c4f518adce16fef3fca45,[:/0fa95d834e4c4f518adce16fef3fca45],seed-current,blank,
Avens,avens,plain-english,"The thinker David Avens, relevant for imaginal, symbolic, and depth-psychological approaches to meaning and transformation.","David Avens is associated with archetypal and imaginal thought, especially in relation to Henry Corbin and depth psychology.","Vervaeke invokes Avens in the orbit of Corbin, Jung, and imaginal symbolism as part of recovering a richer account of world-disclosure.",manual-enrichment | POD notes doc | user-curated k sheet,POD's Awakening from the Meaning Crisis Notes,manual-pod-k-topup-2026-07-15,https://docs.google.com/document/d/1VEhfb09YIZLW1a__Ck4uq_618SYP4fwW5b3YimZaux4/edit?tab=t.0,seed-current,grounded,Promoted from user-curated k row in the POD extraction sheet. Reference snippet: isis 295 Husserl 296 Heidegger 297 Episode 47 - Heidegger 299 Avens 304 Forgetfulness 305 Episode 48 - Corbin and the Divine Double 307 Heidegger and Physis 307 Narrative and Tele
Axial Age,axial-age,plain-english,"The historical period in which multiple civilizations generated new religious, philosophical, and ethical breakthroughs that still shape us.","The phrase is associated with Karl Jaspers, who used it for the period roughly 800–300 BCE when Greece, Israel, India, and China produced durable revolutions in human self-understanding.","For Vervaeke, the Axial Age is a major source of the practices and worldviews later destabilized in the meaning crisis.",manual-enrichment | POD notes doc | user-curated k1 sheet,POD's Awakening from the Meaning Crisis Notes,manual-pod-k1-2026-07-15,https://docs.google.com/document/d/1VEhfb09YIZLW1a__Ck4uq_618SYP4fwW5b3YimZaux4/edit?tab=t.0,seed-current,grounded,Promoted from user-curated k1 row in the POD extraction sheet. Reference snippet: l are relevant in way people from the bronze age aren’t * Another great change: Axial age Axial Age * 800 BCE - 300 BCE great change * We will find relevant authors from that time
Barfield,barfield,plain-english,The thinker who argued that changes in language and consciousness reveal deep shifts in how reality is experienced and participated in.,"Owen Barfield is known for work on participation, the evolution of consciousness, and the history of meaning in language and culture.",Vervaeke uses Barfield as part of the attempt to recover participatory knowing and to understand how consciousness and meaning mutate historically.,manual-enrichment | POD notes doc | user-curated k1 sheet,POD's Awakening from the Meaning Crisis Notes,manual-pod-k1-2026-07-15,https://docs.google.com/document/d/1VEhfb09YIZLW1a__Ck4uq_618SYP4fwW5b3YimZaux4/edit?tab=t.0,seed-current,grounded,Promoted from user-curated k1 row in the POD extraction sheet. Reference snippet: Sacred Second Self 320 Jung and Individuation 320 Episode 50 - Tillich and Barfield 322 Tillich 322 Non-theism 325 xBarfield 325 ________________ Episode 1 - Introduction https://y
Being vs having mode,being-vs-having-mode,plain-english,"A contrast between two existential stances. The having mode approaches reality as something to possess, control, or accumulate, while the being mode approaches reality through participation, presence, transformation, and contact with what is real.","The POD notes doc has a dedicated heading 'Existential Modes: Having and Being' under Episode 7, and an earlier extracted glossary sheet summarized this cluster using Erich Fromm’s classic distinction between having and being as a major background source for Vervaeke’s usage.",Vervaeke uses the contrast to diagnose modal confusion in modern life: we try to solve existential and spiritual problems in the having mode when they require recovery of the being mode.,manual-enrichment | POD notes doc | human glossary sheet summary,POD's Awakening from the Meaning Crisis Notes,manual-bh-2026-07-15,https://docs.google.com/document/d/1VEhfb09YIZLW1a__Ck4uq_618SYP4fwW5b3YimZaux4/edit?tab=t.0,seed-current,grounded,"Added as a major framing contrast in Vervaeke’s account of wisdom, awakening, and modal confusion."
Bullshit and lying,bullshit-and-lying,plain-english,A contrast between deception that still tracks truth enough to hide it and a more dangerous indifference to truth altogether.,"The key modern reference is Harry Frankfurt’s On Bullshit, which argues that bullshit is not identical to lying because it does not care whether things are true or false.","Vervaeke uses this distinction to explain why a culture flooded with performative, manipulative, or reality-indifferent speech loses its grip on meaning.",manual-enrichment | POD notes doc | user-curated k1 sheet,POD's Awakening from the Meaning Crisis Notes,manual-pod-k1-2026-07-15,https://docs.google.com/document/d/1VEhfb09YIZLW1a__Ck4uq_618SYP4fwW5b3YimZaux4/edit?tab=t.0,seed-current,grounded,Promoted from user-curated k1 row in the POD extraction sheet. Reference snippet: avior - independent of if true * Beliefs aren’t the only thing driving you Bullshit and lying * Bullshit: Harry Frankfurt On Bullshit * Frankfurt talking about difference lying and
Caring,caring,plain-english,"Not just feeling emotion, but being normatively invested in truth, significance, value, and what matters enough to guide attention and action.","The background crosses existential philosophy, phenomenology, and virtue-oriented accounts of rationality, where cognition is inseparable from concern and commitment.",Vervaeke uses caring to argue that rationality and relevance realization cannot be reduced to cold symbol manipulation; they require value-laden orientation.,manual-enrichment | POD notes doc | user-curated k1 sheet,POD's Awakening from the Meaning Crisis Notes,manual-pod-k1-2026-07-15,https://docs.google.com/document/d/1VEhfb09YIZLW1a__Ck4uq_618SYP4fwW5b3YimZaux4/edit?tab=t.0,seed-current,provisional,Promoted from user-curated k1 row in the POD extraction sheet. Translation seed hint: his definition related to relevance realization Reference snippet: logical manipulation of propositions * Descartes: rationality is caring about the truth on purpose according to normative standards and values and none of that machinery can be fou
category error,category-error,plain-english,A mistake where something is treated as if it belongs to the wrong kind of thing or explanatory level.,"The phrase is closely associated with Gilbert Ryle, who used it to show how confusion arises when we force one kind of reality into the wrong conceptual box.","Vervaeke repeatedly argues that many modern confusions come from category mistakes—treating existential needs as if they were merely informational, economic, or propositional problems.",manual-enrichment | POD notes doc | user-curated k1 sheet,POD's Awakening from the Meaning Crisis Notes,manual-pod-k1-2026-07-15,https://docs.google.com/document/d/1VEhfb09YIZLW1a__Ck4uq_618SYP4fwW5b3YimZaux4/edit?tab=t.0,seed-current,grounded,Promoted from user-curated k1 row in the POD extraction sheet.
Choice space,choice-space,plain-english,The field of possible actions available in a situation. Normativity is described as shaping this space by making some moves feel fitting and others off-key.,,,anki-seed | Glossary – What Happens When a Culture Loses the Sacred,Glossary – What Happens When a Culture Loses the Sacred,0fa95d834e4c4f518adce16fef3fca45,[:/0fa95d834e4c4f518adce16fef3fca45],seed-current,blank,
Cognitive Fluency,cognitive-fluency,plain-english,"The ease with which something is processed by the mind; what feels easier to process often feels truer, more familiar, or more persuasive.","Cognitive fluency is a well-established idea in psychology and cognitive science, especially in work on judgment, familiarity, and bias.","Vervaeke uses it to show that salience and felt plausibility can be manipulated, which helps explain self-deception, ideology, and pseudo-relevance.",manual-enrichment | POD notes doc | user-curated k1 sheet,POD's Awakening from the Meaning Crisis Notes,manual-pod-k1-2026-07-15,https://docs.google.com/document/d/1VEhfb09YIZLW1a__Ck4uq_618SYP4fwW5b3YimZaux4/edit?tab=t.0,seed-current,grounded,"Promoted from user-curated k1 row in the POD extraction sheet. Reference snippet: ews * Christianity made claim this kairos found in a particular person Cognitive Fluency * When increase the ease at which people can process information, they come to believe it i"
Cognitive Science of Change and Kant,cognitive-science-of-change-and-kant,plain-english,"An attempt to understand transformation, development, and self-organization using both cognitive-scientific models and Kant-influenced philosophical framing.","This heading bridges modern cognitive science with post-Kantian concerns about how mind structures experience, action, and world-disclosure.",Vervaeke uses this bridge to move from classical philosophy into a modern account of transformation that is dynamic rather than merely static or mechanistic.,manual-enrichment | POD notes doc | user-curated k sheet,POD's Awakening from the Meaning Crisis Notes,manual-pod-k-topup-2026-07-15,https://docs.google.com/document/d/1VEhfb09YIZLW1a__Ck4uq_618SYP4fwW5b3YimZaux4/edit?tab=t.0,seed-current,provisional,"Promoted from user-curated k row in the POD extraction sheet. Reference snippet: is making itself * Unfolds across time - see it as change and development Cognitive Science of Change and Kant * Alicia Arara: Dynamics in Action, inspired by Aristotlean framework"
Cognitive Scientific Analysis of the Machinery of Meaning Making,cognitive-scientific-analysis-of-the-machinery-of-meaning-making,plain-english,"The attempt to explain meaning, salience, and intelligence by studying the processes that generate significance rather than assuming meaning is self-evident.","This framing belongs to cognitive science broadly construed, especially work on attention, relevance, embodiment, and adaptive intelligence.",It is central to Vervaeke’s project: the meaning crisis can only be addressed if we understand the machinery that makes meaning possible in the first place.,manual-enrichment | POD notes doc | user-curated k sheet,POD's Awakening from the Meaning Crisis Notes,manual-pod-k-topup-2026-07-15,https://docs.google.com/document/d/1VEhfb09YIZLW1a__Ck4uq_618SYP4fwW5b3YimZaux4/edit?tab=t.0,seed-current,grounded,Promoted from user-curated k row in the POD extraction sheet. Reference snippet: or this * Zombie mythology could be an articulation of this Cognitive Scientific Analysis of the Machinery of Meaning Making * Time to move onto a cognitive scientific analysis of
Combinatorial Explosion,combinatorial-explosion,plain-english,The problem that the number of possible options can grow so fast that brute-force search becomes impossible.,"This is a standard idea in AI, computer science, and cognitive science, especially in work on search, problem solving, and bounded intelligence.","For Vervaeke, combinatorial explosion helps explain why intelligence depends on relevance realization: we survive by ignoring almost everything and zeroing in on what matters.",manual-enrichment | POD notes doc | user-curated k1 sheet,POD's Awakening from the Meaning Crisis Notes,manual-pod-k1-2026-07-15,https://docs.google.com/document/d/1VEhfb09YIZLW1a__Ck4uq_618SYP4fwW5b3YimZaux4/edit?tab=t.0,seed-current,grounded,"Promoted from user-curated k1 row in the POD extraction sheet. Reference snippet: ___________ Episode 27 - Problem Formulation https://youtu.be/9j5O-tnaFzE Combinatorial Explosion * Diagram is misleading because by God’s eye view, but in life we’re not out there"
Computational level,computational-level,plain-english,"The level at which cognition is described in terms of formal operations, transformations, and information-processing procedures.",This echoes Marr-style explanatory levels and broader computational theories of mind.,"Vervaeke uses the computational level to show why syntax and processing alone cannot explain salience, caring, or wisdom.",manual-enrichment | POD notes doc | user-curated k sheet,POD's Awakening from the Meaning Crisis Notes,manual-pod-k-topup-2026-07-15,https://docs.google.com/document/d/1VEhfb09YIZLW1a__Ck4uq_618SYP4fwW5b3YimZaux4/edit?tab=t.0,seed-current,grounded,Promoted from user-curated k row in the POD extraction sheet. Reference snippet: ly identify with the way in which we are running represntations in our mind. Computational level * Syntactic level * Syntax about how terms coordinated together
Continental Philosophy,continental-philosophy,plain-english,"The broad modern European philosophical stream that emphasizes history, interpretation, embodiment, existence, culture, and lived experience.","The label is retrospective and somewhat messy, usually grouping figures such as Hegel, Nietzsche, Husserl, Heidegger, and their descendants in contrast to analytic philosophy.","This stream supplies many of the existential and phenomenological resources Vervaeke draws on when he discusses meaning, selfhood, and world-disclosure.",manual-enrichment | POD notes doc | user-curated k1 sheet,POD's Awakening from the Meaning Crisis Notes,manual-pod-k1-2026-07-15,https://docs.google.com/document/d/1VEhfb09YIZLW1a__Ck4uq_618SYP4fwW5b3YimZaux4/edit?tab=t.0,seed-current,provisional,Promoted from user-curated k1 row in the POD extraction sheet.
Corbin and Persian Sufism,corbin-and-persian-sufism,plain-english,"The line of thought, associated with Henry Corbin’s reading of Persian Sufism, that treats spiritual imagination as a real mode of world-disclosure rather than fantasy.",Henry Corbin’s studies of Persian Islamic mysticism and the imaginal world are the key background here.,"Vervaeke uses Corbin and Persian Sufism to explore the imaginal, symbolic, and angelic dimensions of transformation without reducing them to mere subjective fiction.",manual-enrichment | POD notes doc | user-curated k1 sheet,POD's Awakening from the Meaning Crisis Notes,manual-pod-k1-2026-07-15,https://docs.google.com/document/d/1VEhfb09YIZLW1a__Ck4uq_618SYP4fwW5b3YimZaux4/edit?tab=t.0,seed-current,grounded,"Promoted from user-curated k1 row in the POD extraction sheet. Reference snippet: vine Double 307 Heidegger and Physis 307 Narrative and Teleology 308 Corbin and Persian Sufism 310 Corbin, Gnosis and the Imaginal 310 The Symbol of the Angel and the Divine Double"
Cultivating character,cultivating-character,plain-english,"The disciplined shaping of habit, perception, desire, and action so a person becomes better fitted for wisdom and good judgment.","The background is Aristotelian virtue ethics, where character is not fixed temperament but something trained through practice, habituation, and exemplars.","Vervaeke links character cultivation to cognitive and existential development: wisdom requires transforming how one is, not merely what one knows.",manual-enrichment | POD notes doc | user-curated k1 sheet,POD's Awakening from the Meaning Crisis Notes,manual-pod-k1-2026-07-15,https://docs.google.com/document/d/1VEhfb09YIZLW1a__Ck4uq_618SYP4fwW5b3YimZaux4/edit?tab=t.0,seed-current,grounded,Promoted from user-curated k1 row in the POD extraction sheet. Translation seed hint: re: Aristotle Reference snippet: le -> virtual engine * Dynamical system theory lays out the virtual engine Aristotle and cultivating character * Interested in our development * How does wisdom and meaning develop
Culture shock,culture-shock,plain-english,The disorientation that comes when one’s familiar cues for being known and situated break down. It becomes an existential metaphor here for modernity itself.,,,anki-seed | Glossary – What Happens When a Culture Loses the Sacred,Glossary – What Happens When a Culture Loses the Sacred,0fa95d834e4c4f518adce16fef3fca45,[:/0fa95d834e4c4f518adce16fef3fca45],seed-current,blank,
Curiosity,curiosity,plain-english,The desire to acquire new bits of information within a stable frame. In the discussion it becomes problematic when it degenerates into consumption without existential openness.,,,anki-seed | Glossary – What Happens When a Culture Loses the Sacred,Glossary – What Happens When a Culture Loses the Sacred,0fa95d834e4c4f518adce16fef3fca45,[:/0fa95d834e4c4f518adce16fef3fca45],seed-current,blank,
Data Compression (Application),data-compression-application,plain-english,"Reducing complexity by finding simpler, more efficient structures that preserve what matters across many cases.","Data compression is a technical idea from information theory and computing, but it also functions as a metaphor for abstraction and generalization.",Vervaeke treats compression-like processes as part of intelligence: cognition must simplify the world without collapsing what is relevant.,manual-enrichment | POD notes doc | user-curated k sheet,POD's Awakening from the Meaning Crisis Notes,manual-pod-k-topup-2026-07-15,https://docs.google.com/document/d/1VEhfb09YIZLW1a__Ck4uq_618SYP4fwW5b3YimZaux4/edit?tab=t.0,seed-current,grounded,"Promoted from user-curated k row in the POD extraction sheet. Reference snippet: * People who are trying to make AI already implementing these strategies Data Compression (Application) * In science, take two variables, scatterplot w line of best fit"
Dialogos,dialogos,plain-english,"Dialogue understood not just as two people exchanging remarks, but as a shared movement of meaning or logos that can emerge through participants.","Comes from the Greek dialogos, commonly parsed via dia meaning through and logos meaning word, reason, or account. This is a provisional seed note: it captures the broad etymological and Bohm or Vervaeke-friendly contrast with a thin mere-discussion reading, but it should be tightened against a primary Vervaeke source later.","Useful for the corpus because Vervaeke often distinguishes transformative, participatory dialogue from mere debate or information exchange.",seeded-from-user-request | related transcript context,User-requested seed addition,,,seed-candidate,provisional,Flagged as provisional pending a cleaner direct Vervaeke citation.
Distributed cognition,distributed-cognition,plain-english,"Cognition that is spread across people, tools, symbols, and environments rather than located only inside one individual head.","Distributed cognition is a recognized framework in cognitive science and anthropology, especially associated with Edwin Hutchins and related work.","Vervaeke uses it to explain how culture, ritual, literacy, and psychotechnologies network minds together and amplify intelligence.",manual-enrichment | POD notes doc | user-curated k1 sheet,POD's Awakening from the Meaning Crisis Notes,manual-pod-k1-2026-07-15,https://docs.google.com/document/d/1VEhfb09YIZLW1a__Ck4uq_618SYP4fwW5b3YimZaux4/edit?tab=t.0,seed-current,grounded,Promoted from user-curated k1 row in the POD extraction sheet. Reference snippet: hanced social network for dealing with it. * Cognition is participatory - participate in distributed cognition. Large networks of cognition. * Culture networked brains together. *
Domicide,domicide,plain-english,"The destruction of home in the deep sense: not just a house lost, but a world of belonging, familiarity, and existential orientation being broken.","The term is used in architecture, conflict studies, and phenomenology-adjacent work to describe the devastation caused when home is destroyed as a lived world, not just as property.","In a meaning-crisis frame, domicide names what happens when the structures that let people feel at home in reality are progressively shattered.",manual-enrichment | POD notes doc | user-curated k1 sheet,POD's Awakening from the Meaning Crisis Notes,manual-pod-k1-2026-07-15,https://docs.google.com/document/d/1VEhfb09YIZLW1a__Ck4uq_618SYP4fwW5b3YimZaux4/edit?tab=t.0,seed-current,provisional,Promoted from user-curated k1 row in the POD extraction sheet.
Doomscrolling,doomscrolling,plain-english,"A compulsive form of digital consumption organized by narrow, super-salient inputs and immediate reward. It exemplifies modernity’s tendency toward control, fragmentation, and denatured attention.",,,anki-seed | Glossary – What Happens When a Culture Loses the Sacred,Glossary – What Happens When a Culture Loses the Sacred,0fa95d834e4c4f518adce16fef3fca45,[:/0fa95d834e4c4f518adce16fef3fca45],seed-current,blank,
Drawing it all Together,drawing-it-all-together,plain-english,"The integrative move of bringing multiple cognitive levels and mechanisms into one coordinated account of intelligence, relevance, and meaning.","This is more a synthetic framing than a historical term, but it names the need for theoretical integration across fragmented disciplines.","Vervaeke often draws threads together to show that relevance realization must operate across neural, embodied, social, and existential scales at once.",manual-enrichment | POD notes doc | user-curated k sheet,POD's Awakening from the Meaning Crisis Notes,manual-pod-k-topup-2026-07-15,https://docs.google.com/document/d/1VEhfb09YIZLW1a__Ck4uq_618SYP4fwW5b3YimZaux4/edit?tab=t.0,seed-current,provisional,Promoted from user-curated k row in the POD extraction sheet. Reference snippet: hion * RR happens at multiple levels of cognition Drawing it all Together * Account of RR has to be completely internal * Has to work in
Efficiency-Resiliency Tradeoffs,efficiency-resiliency-tradeoffs,plain-english,"The tension between systems optimized for speed or efficiency and systems robust enough to handle surprise, change, and disruption.","Tradeoff thinking is common in systems theory, ecology, engineering, and adaptive cognition.","Vervaeke uses the tradeoff to explain why wisdom cannot mean maximal optimization alone; it also requires resilience, flexibility, and self-correction.",manual-enrichment | POD notes doc | user-curated k sheet,POD's Awakening from the Meaning Crisis Notes,manual-pod-k-topup-2026-07-15,https://docs.google.com/document/d/1VEhfb09YIZLW1a__Ck4uq_618SYP4fwW5b3YimZaux4/edit?tab=t.0,seed-current,grounded,"Promoted from user-curated k row in the POD extraction sheet. Reference snippet: nctional sense of connectedness that affords wisdom, self-transcendence, etc. Efficiency-Resiliency Tradeoffs * Initially the machinery of RR has to be internal to an embodied embe"
Eidos and Logos,eidos-and-logos,plain-english,A pairing of intelligible form and meaning-bearing articulation: what something is in its deep pattern and how that pattern can be disclosed or spoken.,"Eidos and logos are central Greek philosophical terms with overlapping but distinct histories in Plato, Aristotle, and later traditions.","Vervaeke uses them to show how the West linked reality, intelligibility, speech, and transformation into a shared grammar of wisdom.",manual-enrichment | POD notes doc | user-curated k sheet,POD's Awakening from the Meaning Crisis Notes,manual-pod-k-topup-2026-07-15,https://docs.google.com/document/d/1VEhfb09YIZLW1a__Ck4uq_618SYP4fwW5b3YimZaux4/edit?tab=t.0,seed-current,grounded,"Promoted from user-curated k row in the POD extraction sheet. Reference snippet: sing above yourself * This myth going to be a constant refrain in the West Eidos and Logos * Eidos: * translated in the word “form” which brings to mind shape, or “concept” brings"
Embedded cognition,embedded-cognition,plain-english,"The idea that thinking is inseparable from the environment and niche in which an organism is acting; cognition is shaped by worldly scaffolds, not just inner states.",The embedded strand of post-cognitivist cognitive science stresses organism-environment coupling and problem solving in real situations. It is part of the broader 4E family rather than a doctrine with one single canonical founding text.,This matters for Vervaeke whenever cognition is treated as world-involving and context-sensitive rather than sealed inside a private inner theater.,manual-enrichment | 4e-cogsci-background,Manual corpus enrichment — 4E cognitive science background,manual-4p-4e-2026-07-15,,seed-current,provisional,Added for the 4E cluster; origin background is intentionally broader than a one-paper citation.
Embodied cognition,embodied-cognition,plain-english,"The idea that cognition is shaped by the body’s sensorimotor capacities, not just by abstract computation inside the brain.","Embodied approaches push back against a purely disembodied view of mind. A major landmark in the later history is Varela, Thompson, and Rosch’s The Embodied Mind (1991), though the broader background also draws from phenomenology and ecological psychology.","Vervaeke leans on this when he treats intelligence as inseparable from skill, salience, and situated action rather than as mere manipulation of detached propositions.",manual-enrichment | 4e-cogsci-background,Manual corpus enrichment — 4E cognitive science background,manual-4p-4e-2026-07-15,,seed-current,grounded,Added for the 4E cluster.
Embodied/Embedded,embodied-embedded,plain-english,"A way of thinking that treats cognition as inseparable from body, environment, and ongoing interaction rather than as disembodied symbol manipulation.","The phrase belongs to the broader 4E family in cognitive science, especially embodied and embedded approaches that reject purely brain-bound accounts of mind.",Vervaeke uses embodied/embedded framing to explain how relevance realization emerges from active coupling between organism and world.,manual-enrichment | POD notes doc | user-curated k1 sheet,POD's Awakening from the Meaning Crisis Notes,manual-pod-k1-2026-07-15,https://docs.google.com/document/d/1VEhfb09YIZLW1a__Ck4uq_618SYP4fwW5b3YimZaux4/edit?tab=t.0,seed-current,grounded,Promoted from user-curated k1 row in the POD extraction sheet. Reference snippet: ly logistically shapes the sensory motor loop. ________________ Episode 31 - Embodied/Embedded Relevance Realization as Dynamical-Development General Intelligence https://youtu.be/
Enactive cognition,enactive-cognition,plain-english,The view that cognition is not passive mirroring but active sense-making: organisms bring forth meaningful worlds through embodied interaction.,"The enactive approach is strongly associated with Francisco Varela, Evan Thompson, and Eleanor Rosch, especially The Embodied Mind (1991), where cognition is framed as embodied action and world-enacting sense-making.","This is one of the clearest background lineages for Vervaeke’s talk about relevance realization, participatory knowing, and the co-shaping of self and world.",manual-enrichment | 4e-cogsci-background,Manual corpus enrichment — 4E cognitive science background,manual-4p-4e-2026-07-15,,seed-current,grounded,Added for the 4E cluster.
Enactment,enactment,plain-english,"The lived, embodied realization of a stance or pattern rather than merely talking about it. The speakers repeatedly care about what a mode of speech is doing, not just what it states.",,,anki-seed | Glossary – What Happens When a Culture Loses the Sacred,Glossary – What Happens When a Culture Loses the Sacred,0fa95d834e4c4f518adce16fef3fca45,[:/0fa95d834e4c4f518adce16fef3fca45],seed-current,blank,
Epistemic,epistemic,plain-english,"Having to do with knowledge, justification, or understanding. An epistemic question asks what can be known and how, not yet what ought to matter.",,,anki-seed | Glossary – What Happens When a Culture Loses the Sacred,Glossary – What Happens When a Culture Loses the Sacred,0fa95d834e4c4f518adce16fef3fca45,[:/0fa95d834e4c4f518adce16fef3fca45],seed-current,blank,
Exaptation,exaptation,plain-english,Using an ability or structure that evolved for one role to serve a new role it was not originally built for.,"The term comes from evolutionary biology, especially Stephen Jay Gould and Elisabeth Vrba, as an alternative to overly adaptationist explanations.","Vervaeke uses exaptation to explain how human cognitive capacities can be repurposed into ritual, shamanic, symbolic, and psychotechnological developments.",manual-enrichment | POD notes doc | user-curated k1 sheet,POD's Awakening from the Meaning Crisis Notes,manual-pod-k1-2026-07-15,https://docs.google.com/document/d/1VEhfb09YIZLW1a__Ck4uq_618SYP4fwW5b3YimZaux4/edit?tab=t.0,seed-current,grounded,Promoted from user-curated k1 row in the POD extraction sheet. Reference snippet: ourself be in the hands of other people * Having tremendous impact on cognition. * Exaptation: * Originally from biology Micahel Anderson: brain operates * Exaptation: using tongue
Existential Modes: Having and Being,existential-modes-having-and-being,plain-english,"Two ways of existing: one centered on possession and control, the other on presence, participation, and transformation.","The modern background is strongly associated with Erich Fromm’s distinction between having and being, though Vervaeke integrates it into a broader awakening and wisdom framework.",Vervaeke uses this contrast to show how modern people mis-handle existential problems by trying to solve them in the having mode rather than entering the being mode.,manual-enrichment | POD notes doc | user-curated k1 sheet,POD's Awakening from the Meaning Crisis Notes,manual-pod-k1-2026-07-15,https://docs.google.com/document/d/1VEhfb09YIZLW1a__Ck4uq_618SYP4fwW5b3YimZaux4/edit?tab=t.0,seed-current,grounded,Promoted from user-curated k1 row in the POD extraction sheet. Reference snippet: of power and prosperity. Never saw anything distressing. Everything he wanted. Existential Modes: Having and Being * Myths: attempts to engage with perennial ongoing patterns: * Pa
Exploiting vs. Exploration,exploiting-vs-exploration,plain-english,The tradeoff between using known successful strategies and venturing into uncertain possibilities that may yield something better.,"The exploration-exploitation dilemma is a standard problem in decision theory, reinforcement learning, and adaptive behavior.",Vervaeke uses it to explain how intelligent agents must balance stability and discovery if they are to remain adaptive and wise.,manual-enrichment | POD notes doc | user-curated k sheet,POD's Awakening from the Meaning Crisis Notes,manual-pod-k-topup-2026-07-15,https://docs.google.com/document/d/1VEhfb09YIZLW1a__Ck4uq_618SYP4fwW5b3YimZaux4/edit?tab=t.0,seed-current,grounded,Promoted from user-curated k row in the POD extraction sheet. Reference snippet: will fit you well to pattern of change/stability in the environment Exploiting vs. Exploration * Deals with timing. Should stay here get as much as can (exploiting) or move and try
Extended cognition,extended-cognition,plain-english,"The claim that cognitive processes can sometimes extend beyond the skull into reliable external supports such as tools, symbols, notebooks, or other scaffolds.","This strand is strongly linked to Andy Clark and David Chalmers’s paper The Extended Mind (1998), which argued that under the right conditions external structures can count as part of a cognitive process rather than as mere aids to it.","Even when Vervaeke is not explicitly arguing for the strongest extended-mind thesis, the background matters because his framework treats cognition as scaffolded by practices, environments, and cultural machinery rather than just by inner representation.",manual-enrichment | 4e-cogsci-background,Manual corpus enrichment — 4E cognitive science background,manual-4p-4e-2026-07-15,,seed-current,grounded,Added for the 4E cluster.
Flow state,flow-state,plain-english,"A state of absorbed, highly skilled engagement in which attention, action, and feedback lock together so tightly that performance feels fluid and self-forgetting.",The term is most associated with Mihaly Csikszentmihalyi and modern psychology of optimal experience.,Vervaeke treats flow as evidence that intelligence is not just detached calculation; it involves a dynamically tuned fit between agent and arena.,manual-enrichment | POD notes doc | user-curated k1 sheet,POD's Awakening from the Meaning Crisis Notes,manual-pod-k1-2026-07-15,https://docs.google.com/document/d/1VEhfb09YIZLW1a__Ck4uq_618SYP4fwW5b3YimZaux4/edit?tab=t.0,seed-current,grounded,"Promoted from user-curated k1 row in the POD extraction sheet. Reference snippet: Csíkszentmihályi - conjoined to an altered state of consciousness * Shamanism, and ritual, and the flow state (in the zone). * Psychedelic experiences. * Mystical experiences that"
Forgetfulness,forgetfulness,plain-english,"A condition in which what matters most recedes from living awareness, leaving people trapped in superficial or distorted modes of being.","The term has broad existential and phenomenological resonance, especially in Heideggerian themes of forgetfulness of Being.","Vervaeke uses forgetfulness to diagnose how individuals and cultures lose contact with the deep patterns, practices, and realities that orient wisdom.",manual-enrichment | POD notes doc | user-curated k sheet,POD's Awakening from the Meaning Crisis Notes,manual-pod-k-topup-2026-07-15,https://docs.google.com/document/d/1VEhfb09YIZLW1a__Ck4uq_618SYP4fwW5b3YimZaux4/edit?tab=t.0,seed-current,grounded,Promoted from user-curated k row in the POD extraction sheet. Reference snippet: usserl 296 Heidegger 297 Episode 47 - Heidegger 299 Avens 304 Forgetfulness 305 Episode 48 - Corbin and the Divine Double 307 Heidegger and Physis 307 Narrative and Teleology 308 C
Global Workspace Theory,global-workspace-theory,plain-english,The theory that consciousness functions like a limited workspace where selected information becomes globally available to many mental processes at once.,Global Workspace Theory is associated especially with Bernard Baars and later neuroscientific developments by Stanislas Dehaene and others.,"Vervaeke uses it as one explanatory layer for consciousness while arguing that consciousness must also be connected to salience, insight, and relevance realization.",manual-enrichment | POD notes doc | user-curated k1 sheet,POD's Awakening from the Meaning Crisis Notes,manual-pod-k1-2026-07-15,https://docs.google.com/document/d/1VEhfb09YIZLW1a__Ck4uq_618SYP4fwW5b3YimZaux4/edit?tab=t.0,seed-current,grounded,"Promoted from user-curated k1 row in the POD extraction sheet. Reference snippet: ng is the goal here * Work on consciousness points to why C is valuable Global Workspace Theory * C functions like the desktop of a computer * Have desktop and files, can activate"
Gnosis,gnosis,plain-english,"Transformative knowing by deep realization or awakening, not just by holding correct propositions.","The Greek gnosis means knowledge, but in late antique religious and philosophical contexts it came to mean salvific or spiritually transformative knowing.","Vervaeke uses gnosis to contrast existentially transformative insight with mere belief, information, or doctrinal possession.",manual-enrichment | POD notes doc | user-curated k1 sheet,POD's Awakening from the Meaning Crisis Notes,manual-pod-k1-2026-07-15,https://docs.google.com/document/d/1VEhfb09YIZLW1a__Ck4uq_618SYP4fwW5b3YimZaux4/edit?tab=t.0,seed-current,grounded,Promoted from user-curated k1 row in the POD extraction sheet.
Hegel,hegel,plain-english,"The philosopher who saw mind, history, and culture as unfolding through dynamic developmental patterns rather than static essences.","G. W. F. Hegel is the great system-builder of German Idealism, known for dialectical development, Geist, and historical self-unfolding.",Vervaeke uses Hegel both as a powerful developmental thinker and as part of the story of how religious patterns can be secularized into totalizing ideological systems.,manual-enrichment | POD notes doc | user-curated k1 sheet,POD's Awakening from the Meaning Crisis Notes,manual-pod-k1-2026-07-15,https://docs.google.com/document/d/1VEhfb09YIZLW1a__Ck4uq_618SYP4fwW5b3YimZaux4/edit?tab=t.0,seed-current,grounded,Promoted from user-curated k1 row in the POD extraction sheet. Reference snippet: ndence emeshed in a will to power - dangerous ________________ Episode 24 - Hegel https://youtu.be/6pwBgL0BbJ0 * Line from Kant to Hegel * Kant: reality was the
Heidegger,heidegger,plain-english,The philosopher who analyzed human beings as already involved in a meaningful world before detached theory shows up.,"Martin Heidegger reworked phenomenology around being-in-the-world, world-disclosure, care, and the critique of forgetfulness of Being.","Vervaeke draws on Heidegger for the idea that meaning is first lived and enacted, not merely represented, and that modernity risks profound forgetfulness of being.",manual-enrichment | POD notes doc | user-curated k1 sheet,POD's Awakening from the Meaning Crisis Notes,manual-pod-k1-2026-07-15,https://docs.google.com/document/d/1VEhfb09YIZLW1a__Ck4uq_618SYP4fwW5b3YimZaux4/edit?tab=t.0,seed-current,grounded,Promoted from user-curated k1 row in the POD extraction sheet. Reference snippet: of enlightenment 294 Prophets of the Meaning Crisis 295 Husserl 296 Heidegger 297 Episode 47 - Heidegger 299 Avens 304 Forgetfulness 305 Episode 48 - Corbin and the Divine Double 3
Henosis,henosis,plain-english,A movement of unification or gathering into deeper oneness. In this discussion it is paired with timing and self-transcendence rather than mere conceptual agreement.,,,anki-seed | Glossary – What Happens When a Culture Loses the Sacred,Glossary – What Happens When a Culture Loses the Sacred,0fa95d834e4c4f518adce16fef3fca45,[:/0fa95d834e4c4f518adce16fef3fca45],seed-current,blank,
Heuristic,heuristic,plain-english,A practical rule of thumb that guides decision and search efficiently without guaranteeing perfect correctness.,"Heuristics are standard in psychology, AI, and decision theory, especially where brute-force optimization is impossible.",Vervaeke uses heuristics to show that adaptive intelligence often depends on strategically biased shortcuts that track reality well enough in context.,manual-enrichment | POD notes doc | user-curated k sheet,POD's Awakening from the Meaning Crisis Notes,manual-pod-k-topup-2026-07-15,https://docs.google.com/document/d/1VEhfb09YIZLW1a__Ck4uq_618SYP4fwW5b3YimZaux4/edit?tab=t.0,seed-current,grounded,"Promoted from user-curated k row in the POD extraction sheet. Reference snippet: l or just building suspense?) * part of evolutionary heritage - fluency heuristic good strategy, in real world situations if pressing fluently picking up on the real patterns * flo"
Historical Factors,historical-factors,plain-english,The concrete historical forces and developments that shape the conditions under which meaning crises arise and are experienced.,"This is a general historiographical notion, but here it refers to the layered social, religious, intellectual, and political causes of modern disorientation.",Vervaeke insists that the meaning crisis is not just psychological; it is historically built and must be understood genealogically.,manual-enrichment | POD notes doc | user-curated k sheet,POD's Awakening from the Meaning Crisis Notes,manual-pod-k-topup-2026-07-15,https://docs.google.com/document/d/1VEhfb09YIZLW1a__Ck4uq_618SYP4fwW5b3YimZaux4/edit?tab=t.0,seed-current,grounded,Promoted from user-curated k row in the POD extraction sheet. Reference snippet: istorical understanding is a degree to which we are going to be ignorant of the historical factors that are driving the meaning crisis Foreshadowing the Meaning Crisis * Foreshadow
Hitler,hitler,plain-english,"The historical figure who concentrated multiple modern pathologies—ideology, ressentiment, pseudo-religion, propaganda, and catastrophic violence—into a devastating political form.","Adolf Hitler led National Socialism in Germany and is central to 20th-century analyses of totalitarianism, mass manipulation, and civilizational breakdown.",Vervaeke invokes Hitler not as a standalone topic but as an extreme manifestation of how shattered meaning can be reorganized into demonic pseudo-sacred structures.,manual-enrichment | POD notes doc | user-curated k sheet,POD's Awakening from the Meaning Crisis Notes,manual-pod-k-topup-2026-07-15,https://docs.google.com/document/d/1VEhfb09YIZLW1a__Ck4uq_618SYP4fwW5b3YimZaux4/edit?tab=t.0,seed-current,grounded,"Promoted from user-curated k row in the POD extraction sheet. Reference snippet: gel’s idealistic interpretation of history, or Marx’s economic interpretation Hitler * All come together in Hitler’s auto-didactic mind * Dangers of auto-didactic appro"
Horizontalism,horizontalism,plain-english,"A flattened worldview in which everything becomes just one perspective among many, with no meaningful sense of higher or deeper orientation.",Used here as a contrast term rather than a canonical historical label. It names what Vervaeke thinks happens when postmodern critique rejects fake verticality but leaves only a flat field of perspectives and power struggles.,"The note uses it for the absurdity of reducing value to private possession, identity, or opinion without explaining why some things still strike us as better or worse.",transcript-expansion | John Vervaeke and Guy Sengstock Why Modernity Can't See the Sacred Anymore - 2026-07-13,John Vervaeke and Guy Sengstock Why Modernity Can't See the Sacred Anymore - 2026-07-13,d7dad7bdf88149ac87c053ee0f800530,[:/d7dad7bdf88149ac87c053ee0f800530],seed-current,grounded,"Added from the top-of-note clarification, not from the original Anki deck."
Husserl,husserl,plain-english,The philosopher who tried to recover careful attention to how things are given in experience before theoretical abstractions distort them.,"Edmund Husserl founded phenomenology and deeply influenced Heidegger and later continental philosophy through his analyses of intentionality, evidence, and lived experience.","Vervaeke uses Husserl as part of the line of thinkers trying to recover direct contact with meaning, world, and consciousness beyond reductive objectivism.",manual-enrichment | POD notes doc | user-curated k1 sheet,POD's Awakening from the Meaning Crisis Notes,manual-pod-k1-2026-07-15,https://docs.google.com/document/d/1VEhfb09YIZLW1a__Ck4uq_618SYP4fwW5b3YimZaux4/edit?tab=t.0,seed-current,grounded,Promoted from user-curated k1 row in the POD extraction sheet. Reference snippet: 93 Wise cultivation of enlightenment 294 Prophets of the Meaning Crisis 295 Husserl 296 Heidegger 297 Episode 47 - Heidegger 299 Avens 304 Forgetfulness 305 Episode 48 - Corbin and
Hyper-salience,hyper-salience,plain-english,An exaggerated form of attention-capture in which some stimuli dominate awareness at the expense of depth or balance. Doomscrolling is described as exploiting this condition.,,,anki-seed | Glossary – What Happens When a Culture Loses the Sacred,Glossary – What Happens When a Culture Loses the Sacred,0fa95d834e4c4f518adce16fef3fca45,[:/0fa95d834e4c4f518adce16fef3fca45],seed-current,blank,
Hypertrophy,hypertrophy,plain-english,"An overdevelopment of one capacity at the expense of others. In this context, the capacity for fast, narrow, controllable input grows while broader embodied participation withers.",,,anki-seed | Glossary – What Happens When a Culture Loses the Sacred,Glossary – What Happens When a Culture Loses the Sacred,0fa95d834e4c4f518adce16fef3fca45,[:/0fa95d834e4c4f518adce16fef3fca45],seed-current,blank,
Indispensable Mythos,indispensable-mythos,plain-english,The mythic and narrative machinery humans seem unable to do without if they are to orient themselves meaningfully in the world.,"Mythos here has classical roots but also modern resonance in philosophy, anthropology, and psychology as a mode of world-shaping meaning.",Vervaeke uses indispensable mythos to argue that modernity cannot simply discard myth without losing existential orientation and symbolic depth.,manual-enrichment | POD notes doc | user-curated k sheet,POD's Awakening from the Meaning Crisis Notes,manual-pod-k-topup-2026-07-15,https://docs.google.com/document/d/1VEhfb09YIZLW1a__Ck4uq_618SYP4fwW5b3YimZaux4/edit?tab=t.0,seed-current,grounded,Promoted from user-curated k row in the POD extraction sheet. Reference snippet: and again to the world. There is the real potential in the world of sacredness Indispensable Mythos * Why is it that we might get this way? * Pa
Information Processing,information-processing,plain-english,"The treatment of cognition as the transformation, transmission, storage, and use of information.",Information processing became a dominant framework in cognitive science and computer science during the modern cognitive revolution.,"Vervaeke uses it as an important but incomplete model: information processing explains much, but not the full machinery of relevance, meaning, and wisdom.",manual-enrichment | POD notes doc | user-curated k sheet,POD's Awakening from the Meaning Crisis Notes,manual-pod-k-topup-2026-07-15,https://docs.google.com/document/d/1VEhfb09YIZLW1a__Ck4uq_618SYP4fwW5b3YimZaux4/edit?tab=t.0,seed-current,grounded,"Promoted from user-curated k row in the POD extraction sheet. Reference snippet: Start to invent new things, new psycho-technologies - standardized way of doing information processing that improves and enhances your cognition by linking brains together - your b"
Initiation rituals,initiation-rituals,plain-english,"Structured practices that transform identity, loyalty, perception, and belonging by taking a person through symbolic thresholds.","Initiation rituals are widespread in anthropology and religious studies as rites of passage into new roles, responsibilities, or modes of being.","Vervaeke treats them as psychotechnologies that reshape cognition, group identity, and meaning through embodied participation.",manual-enrichment | POD notes doc | user-curated k sheet,POD's Awakening from the Meaning Crisis Notes,manual-pod-k-topup-2026-07-15,https://docs.google.com/document/d/1VEhfb09YIZLW1a__Ck4uq_618SYP4fwW5b3YimZaux4/edit?tab=t.0,seed-current,grounded,Promoted from user-curated k row in the POD extraction sheet. Reference snippet: l Siegal): ability to pick up on other people’s mental states * Meta-cognition * Initiation rituals: * Commitment and loyalty to my own group now more questionable. There’s temptat
Insight,insight,plain-english,"A restructuring of how a problem, situation, or self is seen, so that a previously blocked possibility becomes suddenly intelligible.","Insight has roots in Gestalt psychology, problem-solving research, contemplative traditions, and therapeutic transformation.","Vervaeke treats insight as a paradigm case of relevance realization because it changes salience, self-understanding, and the space of possible action all at once.",manual-enrichment | POD notes doc | user-curated k1 sheet,POD's Awakening from the Meaning Crisis Notes,manual-pod-k1-2026-07-15,https://docs.google.com/document/d/1VEhfb09YIZLW1a__Ck4uq_618SYP4fwW5b3YimZaux4/edit?tab=t.0,seed-current,grounded,"Promoted from user-curated k1 row in the POD extraction sheet. Reference snippet: relationship * Therapy: trying to recover these lost kinds of knowing. Kind of insight needed. Transformation not of your beliefs but how you see things, your sense of self, sense"
Instrumentalism,instrumentalism,plain-english,An attitude that treats things mainly as tools for achieving control or efficiency. The speakers criticize it for reducing consciousness and truth to manipulable means.,,,anki-seed | Glossary – What Happens When a Culture Loses the Sacred,Glossary – What Happens When a Culture Loses the Sacred,0fa95d834e4c4f518adce16fef3fca45,[:/0fa95d834e4c4f518adce16fef3fca45],seed-current,blank,
Integrated Information Theory,integrated-information-theory,plain-english,The theory that consciousness corresponds to the degree and structure of integrated information in a system.,Integrated Information Theory is associated especially with Giulio Tononi and later collaborators in philosophy and neuroscience of consciousness.,Vervaeke discusses IIT as one attempt to explain consciousness while situating it inside a broader conversation about relevance and meaning.,manual-enrichment | POD notes doc | user-curated k sheet,POD's Awakening from the Meaning Crisis Notes,manual-pod-k-topup-2026-07-15,https://docs.google.com/document/d/1VEhfb09YIZLW1a__Ck4uq_618SYP4fwW5b3YimZaux4/edit?tab=t.0,seed-current,grounded,"Promoted from user-curated k row in the POD extraction sheet. Reference snippet: involved when people chunk information or insight * Boren-Seth model Integrated Information Theory * Tononi, about the nature of C * C is how powerfully integrated pieces of inform"
Intelligibility,intelligibility,plain-english,The quality of being understandable or making sense. In the discussion it is treated as more fundamental than mere data because it concerns how reality becomes meaningful to mind.,,,anki-seed | Glossary – What Happens When a Culture Loses the Sacred,Glossary – What Happens When a Culture Loses the Sacred,0fa95d834e4c4f518adce16fef3fca45,[:/0fa95d834e4c4f518adce16fef3fca45],seed-current,blank,
Jung and Individuation,jung-and-individuation,plain-english,"Jung’s account of becoming more whole through integrating neglected, symbolic, and unconscious dimensions of the psyche.",Individuation is a central Jungian idea describing psychic integration and the unfolding of the self beyond persona and fragmentation.,"Vervaeke uses Jung and individuation to connect symbolic life, the imaginal, and self-transformation to the recovery of meaning.",manual-enrichment | POD notes doc | user-curated k sheet,POD's Awakening from the Meaning Crisis Notes,manual-pod-k-topup-2026-07-15,https://docs.google.com/document/d/1VEhfb09YIZLW1a__Ck4uq_618SYP4fwW5b3YimZaux4/edit?tab=t.0,seed-current,grounded,Promoted from user-curated k row in the POD extraction sheet. Reference snippet: y 316 The mythos of the divine double 318 The Sacred Second Self 320 Jung and Individuation 320 Episode 50 - Tillich and Barfield 322 Tillich 322 Non-theism 325 xBarfield 325 _____
Kairos,kairos,plain-english,The ripe or opportune moment rather than abstract clock time. It names the right timing in which transformation or insight becomes possible.,,,anki-seed | Glossary – What Happens When a Culture Loses the Sacred,Glossary – What Happens When a Culture Loses the Sacred,0fa95d834e4c4f518adce16fef3fca45,[:/0fa95d834e4c4f518adce16fef3fca45],seed-current,blank,
Kenosis,kenosis,plain-english,A self-emptying or relinquishing of defensive self-possession. It points to the vulnerability needed for genuine transformation and receptivity.,,,anki-seed | Glossary – What Happens When a Culture Loses the Sacred,Glossary – What Happens When a Culture Loses the Sacred,0fa95d834e4c4f518adce16fef3fca45,[:/0fa95d834e4c4f518adce16fef3fca45],seed-current,blank,
Liminal,liminal,plain-english,Pertaining to a threshold or in-between state where ordinary identity and structure are loosened. Liminal spaces can make transformation possible because they unsettle what normally feels fixed.,,,anki-seed | Glossary – What Happens When a Culture Loses the Sacred,Glossary – What Happens When a Culture Loses the Sacred,0fa95d834e4c4f518adce16fef3fca45,[:/0fa95d834e4c4f518adce16fef3fca45],seed-current,blank,
Logos,logos,plain-english,"A rich Greek term for reason, order, meaning, and articulate disclosure. The speakers use it to name a shared space of truth-bearing dialogue that is discovered rather than manufactured.","A densely layered Greek term spanning word, reason, account, pattern, and intelligible order. Philosophical and theological traditions load it with different emphases, which is part of why Vervaeke likes it.","He uses it to suggest a shared truth-bearing space of meaning and articulation that is discovered and participated in, not merely manufactured.",anki-seed | Glossary – What Happens When a Culture Loses the Sacred,Glossary – What Happens When a Culture Loses the Sacred,0fa95d834e4c4f518adce16fef3fca45,[:/0fa95d834e4c4f518adce16fef3fca45],seed-current,provisional,
Machinery of Insight,machinery-of-insight,plain-english,The set of cognitive and affective processes by which restructuring occurs and a new pattern suddenly becomes salient.,"Insight research spans Gestalt psychology, neuroscience, psychotherapy, and contemplative studies.",Vervaeke treats insight as a privileged window into the machinery of relevance realization because it reveals how salience can be reorganized at depth.,manual-enrichment | POD notes doc | user-curated k sheet,POD's Awakening from the Meaning Crisis Notes,manual-pod-k-topup-2026-07-15,https://docs.google.com/document/d/1VEhfb09YIZLW1a__Ck4uq_618SYP4fwW5b3YimZaux4/edit?tab=t.0,seed-current,grounded,Promoted from user-curated k row in the POD extraction sheet. Reference snippet: * C seems to be associated with degree to which brain wiring as SWN Machinery of Insight * Stephen and Dickson: found way to measure how much entropy in processing while trying
Meta Crisis,meta-crisis,plain-english,A crisis made of many crises that interact with and intensify one another instead of staying isolated.,"The term is contemporary and increasingly used for interlocking ecological, social, political, technological, and existential breakdowns rather than a single failure point.",Vervaeke uses metacrisis to show that the meaning crisis is braided together with other structural crises and cannot be solved in one narrow domain alone.,manual-enrichment | POD notes doc | user-curated k1 sheet,POD's Awakening from the Meaning Crisis Notes,manual-pod-k1-2026-07-15,https://docs.google.com/document/d/1VEhfb09YIZLW1a__Ck4uq_618SYP4fwW5b3YimZaux4/edit?tab=t.0,seed-current,grounded,Promoted from user-curated k1 row in the POD extraction sheet. Reference snippet: d to political identification * Titanic struggle of wills Meta Crisis * Legacy: soviet union also collapses * Secularized political process of pseudo rel
Meta-cognition,meta-cognition,plain-english,"Thinking about thinking: noticing, regulating, and evaluating one’s own mental processes.","Metacognition is a standard term in cognitive science, education, and developmental psychology for higher-order monitoring and control of cognition.","Vervaeke treats metacognition as crucial for insight, self-correction, and the cultivation of wisdom rather than mere reactive habit.",manual-enrichment | POD notes doc | user-curated k1 sheet,POD's Awakening from the Meaning Crisis Notes,manual-pod-k1-2026-07-15,https://docs.google.com/document/d/1VEhfb09YIZLW1a__Ck4uq_618SYP4fwW5b3YimZaux4/edit?tab=t.0,seed-current,grounded,Promoted from user-curated k1 row in the POD extraction sheet. Reference snippet: * Mindsight: (Daniel Siegal): ability to pick up on other people’s mental states * Meta-cognition * Initiation rituals: * Commitment and loyalty to my own group now more questionab
Metanoia / metanoetic passage,metanoia-metanoetic-passage,plain-english,"A deep reorientation of mind, identity, or way of being rather than a small opinion change. It marks the passage into a perspective from which one can question the self one previously inhabited.","From Greek meta plus a mind or understanding family of terms: a change or going-beyond of mind, orientation, or understanding. In religious and philosophical usage it often names deep reorientation rather than a small opinion change.","Vervaeke uses it for a lived reconfiguration of identity and salience, not just swapping one belief for another.",anki-seed | Glossary – What Happens When a Culture Loses the Sacred,Glossary – What Happens When a Culture Loses the Sacred,0fa95d834e4c4f518adce16fef3fca45,[:/0fa95d834e4c4f518adce16fef3fca45],seed-current,provisional,
Mindfulness,mindfulness,plain-english,"A disciplined form of attention that lets experience be noticed clearly and responsively rather than automatically, compulsively, or narrowly.","The term is rooted in Buddhist traditions but has been heavily adapted in modern psychology, therapy, and secular contemplative culture.","Vervaeke treats mindfulness as important but incomplete on its own: it can become a gateway into broader transformations of cognition, selfhood, and wisdom.",manual-enrichment | POD notes doc | user-curated k1 sheet,POD's Awakening from the Meaning Crisis Notes,manual-pod-k1-2026-07-15,https://docs.google.com/document/d/1VEhfb09YIZLW1a__Ck4uq_618SYP4fwW5b3YimZaux4/edit?tab=t.0,seed-current,grounded,Promoted from user-curated k1 row in the POD extraction sheet. Reference snippet: rowing confluence between people interested in buddhism and cognitive science * Mindfulness revolution: mindfulness being mentioned everywhere. * Why is this happening? What do we
Mindsight,mindsight,plain-english,"The capacity to perceive mental states in oneself and others with enough clarity to regulate, relate, and respond wisely.",The term is associated especially with Daniel Siegel and related interpersonal-neurobiology work.,"Vervaeke uses mindsight as a bridge between self-awareness, social cognition, and participatory intelligence.",manual-enrichment | POD notes doc | user-curated k sheet,POD's Awakening from the Meaning Crisis Notes,manual-pod-k-topup-2026-07-15,https://docs.google.com/document/d/1VEhfb09YIZLW1a__Ck4uq_618SYP4fwW5b3YimZaux4/edit?tab=t.0,seed-current,grounded,Promoted from user-curated k row in the POD extraction sheet. Reference snippet: d. Move from first person perspective to a third person perspective really well. * Mindsight: (Daniel Siegal): ability to pick up on other people’s mental states * Meta-cognition *
Modal / modality,modal-modality,plain-english,"A mode of being or relating rather than just a content or belief. The discussion contrasts distinct modalities such as control, participation, curiosity, wonder, tourism, and pilgrimage.",,,anki-seed | Glossary – What Happens When a Culture Loses the Sacred,Glossary – What Happens When a Culture Loses the Sacred,0fa95d834e4c4f518adce16fef3fca45,[:/0fa95d834e4c4f518adce16fef3fca45],seed-current,blank,
Modal Confusion,modal-confusion,plain-english,The mistake of trying to meet one kind of need through the wrong mode of being or engagement.,In Vervaeke’s discussions this is tied to the having/being contrast and to broader phenomenological-existential distinctions about how humans inhabit the world.,"Vervaeke uses modal confusion to diagnose why modern systems keep offering possession, control, and consumption as fake solutions to existential hunger.",manual-enrichment | POD notes doc | user-curated k1 sheet,POD's Awakening from the Meaning Crisis Notes,manual-pod-k1-2026-07-15,https://docs.google.com/document/d/1VEhfb09YIZLW1a__Ck4uq_618SYP4fwW5b3YimZaux4/edit?tab=t.0,seed-current,grounded,Promoted from user-curated k1 row in the POD extraction sheet. Reference snippet: * to live in the palace is to try and live everything in the having mode. * Modal confusion: try to serve being needs from the having mode * serve a lot of market interests: if can
Modularity,modularity,plain-english,The idea that cognition is partly organized into specialized subsystems dedicated to particular kinds of processing.,"Modularity is a major concept in cognitive science and evolutionary psychology, often associated with domain-specific mental architecture.","Vervaeke evaluates modularity as one partial strategy for explaining relevance, while arguing it cannot by itself solve the coordination problem.",manual-enrichment | POD notes doc | user-curated k sheet,POD's Awakening from the Meaning Crisis Notes,manual-pod-k-topup-2026-07-15,https://docs.google.com/document/d/1VEhfb09YIZLW1a__Ck4uq_618SYP4fwW5b3YimZaux4/edit?tab=t.0,seed-current,grounded,Promoted from user-curated k row in the POD extraction sheet. Reference snippet: ome way. * Computations * Modularity: specific area of the brain dedicated to processing relevance * Each of those inadequate
Mutilated Chessboard Problems,mutilated-chessboard-problems,plain-english,Puzzle cases used to reveal how intelligent problem solving often depends on insight into structure rather than brute-force enumeration.,The mutilated chessboard problem is a classic mathematical and cognitive-science example showing that many seemingly combinatorial tasks hinge on reframing.,"Vervaeke uses such examples to illustrate insight, constraint recognition, and the limits of exhaustive search.",manual-enrichment | POD notes doc | user-curated k sheet,POD's Awakening from the Meaning Crisis Notes,manual-pod-k-topup-2026-07-15,https://docs.google.com/document/d/1VEhfb09YIZLW1a__Ck4uq_618SYP4fwW5b3YimZaux4/edit?tab=t.0,seed-current,grounded,"Promoted from user-curated k row in the POD extraction sheet. Reference snippet: eed to be able to deal with ill-defined problems to be considered intelligent Mutilated Chessboard Problems * If have dominos, covers 2 squares, need 32 * Now mutilate chessboar"
Mystery and Symbols,mystery-and-symbols,plain-english,The relation in which symbols bring us into contact with what exceeds direct conceptual capture while still disclosing it meaningfully.,"This fits symbolist, phenomenological, and theological traditions in which mystery is encountered through symbolic mediation.",Vervaeke uses this pairing to show how humans can be confronted by depth and transformation without reducing everything to literal propositions.,manual-enrichment | POD notes doc | user-curated k sheet,POD's Awakening from the Meaning Crisis Notes,manual-pod-k-topup-2026-07-15,https://docs.google.com/document/d/1VEhfb09YIZLW1a__Ck4uq_618SYP4fwW5b3YimZaux4/edit?tab=t.0,seed-current,grounded,"Promoted from user-curated k row in the POD extraction sheet. Reference snippet: c disclosed to you, which changes how can understand and experience the music Mystery and Symbols * Symbols put in confrontation with what is mysterious"
Narrative and Teleology,narrative-and-teleology,plain-english,"The relation between story-structure and directedness toward ends, purposes, or fulfillment.","Narrative and teleology meet in philosophy, theology, psychology, and literary theory whenever lives or histories are interpreted as oriented patterns.",Vervaeke uses them together to explore how meaning emerges when events are not merely sequenced but purposively integrated.,manual-enrichment | POD notes doc | user-curated k sheet,POD's Awakening from the Meaning Crisis Notes,manual-pod-k-topup-2026-07-15,https://docs.google.com/document/d/1VEhfb09YIZLW1a__Ck4uq_618SYP4fwW5b3YimZaux4/edit?tab=t.0,seed-current,grounded,"Promoted from user-curated k row in the POD extraction sheet. Reference snippet: 305 Episode 48 - Corbin and the Divine Double 307 Heidegger and Physis 307 Narrative and Teleology 308 Corbin and Persian Sufism 310 Corbin, Gnosis and the Imaginal 310 The Symbol"
Nationalism,nationalism,plain-english,"The elevation of the nation into a primary source of belonging, identity, and often quasi-sacred meaning.","Nationalism is a modern political formation in which people treat the nation-state as a central object of loyalty, destiny, and sacrifice.",Vervaeke treats nationalism as one way sacred energies and existential needs get secularized into powerful but dangerous pseudo-religious forms.,manual-enrichment | POD notes doc | user-curated k sheet,POD's Awakening from the Meaning Crisis Notes,manual-pod-k-topup-2026-07-15,https://docs.google.com/document/d/1VEhfb09YIZLW1a__Ck4uq_618SYP4fwW5b3YimZaux4/edit?tab=t.0,seed-current,grounded,Promoted from user-curated k row in the POD extraction sheet. Reference snippet: olent political change * Powerful pseudo-religious ideology Nationalism * Nationalism: nation-state can take the role that God has taken in the past: * P
Natural Philosophers - Thales,natural-philosophers-thales,plain-english,"The early Greek move to explain the world through rational inquiry into nature, with Thales as a classic starting figure.",The pre-Socratics or natural philosophers sought intelligible accounts of the cosmos without relying only on mythic narration; Thales is often treated as a symbolic beginning of that shift.,"This matters in Vervaeke’s story because it marks part of the Greek transformation toward argument, explanation, and rational inquiry.",manual-enrichment | POD notes doc | user-curated k1 sheet,POD's Awakening from the Meaning Crisis Notes,manual-pod-k1-2026-07-15,https://docs.google.com/document/d/1VEhfb09YIZLW1a__Ck4uq_618SYP4fwW5b3YimZaux4/edit?tab=t.0,seed-current,grounded,Promoted from user-curated k1 row in the POD extraction sheet. Reference snippet: doing the Socratic method with the Sophists - also people who claim knowledge Natural Philosophers - Thales * Natural philosophers: first example of it: Thales * A lot of what we h
Natural-Born Cyborgs,natural-born-cyborgs,plain-english,"The idea that humans naturally extend their minds through tools, symbols, and technologies rather than thinking only inside the skull.",The phrase is strongly associated with Andy Clark’s Natural-Born Cyborgs and extended-mind thinking.,"Vervaeke uses it to show how psychotechnologies and cultural tools become part of cognition itself, not just external aids.",manual-enrichment | POD notes doc | user-curated k sheet,POD's Awakening from the Meaning Crisis Notes,manual-pod-k-topup-2026-07-15,https://docs.google.com/document/d/1VEhfb09YIZLW1a__Ck4uq_618SYP4fwW5b3YimZaux4/edit?tab=t.0,seed-current,grounded,"Promoted from user-curated k row in the POD extraction sheet. Reference snippet: rtists, and Meditation Teachers on the Power of Mindfulness in Daily Life * Andy Clark - Natural-Born Cyborgs: Minds, Technologies, and the Future of Human Intelligence * Michel Fe"
Neo-shamanism,neo-shamanism,plain-english,"Modern attempts to recover, imitate, or remix shamanic practices outside their original traditional settings.","Neo-shamanism is a modern spiritual and cultural movement that reworks indigenous and shamanic motifs, often controversially and with mixed depth.",Vervaeke mentions the return of neo-shamanic interest as evidence that contemporary people are searching for altered-state and meaning-making practices missing from modern life.,manual-enrichment | POD notes doc | user-curated k1 sheet,POD's Awakening from the Meaning Crisis Notes,manual-pod-k1-2026-07-15,https://docs.google.com/document/d/1VEhfb09YIZLW1a__Ck4uq_618SYP4fwW5b3YimZaux4/edit?tab=t.0,seed-current,provisional,Promoted from user-curated k1 row in the POD extraction sheet. Reference snippet: psycho technologies for altering state of consciousness and enhancing cognition * Rise in neo-shamanism. * Shaman does a lot interesting things to get into a particular state. * Sl
Neolithic Revolution,neolithic-revolution,plain-english,"The shift to agriculture, settlement, storage, and social complexity that fundamentally changed how humans lived and made meaning.","The standard historical label for the transition from foraging to farming societies beginning around 10,000 BCE in multiple regions.","Vervaeke treats it as a civilizational turning point that reorganized cognition, social structure, ritual life, and the pressures that later fed into axial transformations.",manual-enrichment | POD notes doc | user-curated k sheet,POD's Awakening from the Meaning Crisis Notes,manual-pod-k-topup-2026-07-15,https://docs.google.com/document/d/1VEhfb09YIZLW1a__Ck4uq_618SYP4fwW5b3YimZaux4/edit?tab=t.0,seed-current,grounded,"Promoted from user-curated k row in the POD extraction sheet. Reference snippet: or supervision of them * Metaphors * Little whispers of shamanic flight Neolithic Revolution * 10,000 BCE - Neolithic revolution - agriculture * For the first time people start to"
Neuroscientific account,neuroscientific-account,plain-english,"An explanation framed in terms of brain activity, neural dynamics, and the biological mechanisms correlated with cognition and consciousness.","The phrase is generic, but it points to the modern neuroscientific approach to mind and experience.",Vervaeke uses neuroscientific accounts as one explanatory layer while resisting the reduction of meaning and wisdom to brain processes alone.,manual-enrichment | POD notes doc | user-curated k sheet,POD's Awakening from the Meaning Crisis Notes,manual-pod-k-topup-2026-07-15,https://docs.google.com/document/d/1VEhfb09YIZLW1a__Ck4uq_618SYP4fwW5b3YimZaux4/edit?tab=t.0,seed-current,provisional,"Promoted from user-curated k row in the POD extraction sheet. Reference snippet: * Help realize, actualize relevant information * Will come back to this Neuroscientific account * correlation with brain activity * Activity seems to be involved when people chunk"
Newell and Simon,newell-and-simon,plain-english,The foundational AI and cognitive science researchers who modeled problem solving as search through representations and procedures.,"Allen Newell and Herbert Simon were central figures in early cognitive science and AI, especially the General Problem Solver tradition.",Vervaeke discusses them to clarify both the power and limits of early computational theories of intelligence.,manual-enrichment | POD notes doc | user-curated k sheet,POD's Awakening from the Meaning Crisis Notes,manual-pod-k-topup-2026-07-15,https://docs.google.com/document/d/1VEhfb09YIZLW1a__Ck4uq_618SYP4fwW5b3YimZaux4/edit?tab=t.0,seed-current,grounded,Promoted from user-curated k row in the POD extraction sheet. Reference snippet: ing a wide variety of problems in a wide variety of ways * Newell and Simon: general problem solver * Intelligence =/ rational * We should care not about
Nietzsche,nietzsche,plain-english,The philosopher who diagnosed the collapse of inherited meaning frameworks and pushed the question of whether new value and orientation could be created without self-deception.,"Friedrich Nietzsche is central to modern critiques of morality, truth, nihilism, ressentiment, and the death of God.",Vervaeke treats Nietzsche as a crucial prophet of the meaning crisis and of the dangers that arise when old sacred structures collapse without wise replacement.,manual-enrichment | POD notes doc | user-curated k1 sheet,POD's Awakening from the Meaning Crisis Notes,manual-pod-k1-2026-07-15,https://docs.google.com/document/d/1VEhfb09YIZLW1a__Ck4uq_618SYP4fwW5b3YimZaux4/edit?tab=t.0,seed-current,grounded,Promoted from user-curated k1 row in the POD extraction sheet. Reference snippet: ng about what you say - but how you think * Doesn’t matter if atheist. * Nietzsche: I fear we are not getting rid of God because we still believe in grammar * We still talk this wa
Nominalize what is meant to what is spoken,nominalize-what-is-meant-to-what-is-spoken,plain-english,To collapse conveyed meaning into the bare literal wording. The speakers see this as hostile to dialogue because it refuses the fuller intention carried by speech.,,,anki-seed | Glossary – What Happens When a Culture Loses the Sacred,Glossary – What Happens When a Culture Loses the Sacred,0fa95d834e4c4f518adce16fef3fca45,[:/0fa95d834e4c4f518adce16fef3fca45],seed-current,blank,
Non-theism,non-theism,plain-english,"A religious or spiritual orientation that does not center on a personal creator God while still taking transformation, ultimacy, or sacred depth seriously.","Non-theism appears in multiple traditions, especially some Buddhist and modern philosophical-religious contexts, as distinct from both classical theism and flat secularism.",Vervaeke uses non-theistic space to show that serious spiritual practice and sacred orientation do not always require conventional theistic commitments.,manual-enrichment | POD notes doc | user-curated k1 sheet,POD's Awakening from the Meaning Crisis Notes,manual-pod-k1-2026-07-15,https://docs.google.com/document/d/1VEhfb09YIZLW1a__Ck4uq_618SYP4fwW5b3YimZaux4/edit?tab=t.0,seed-current,grounded,Promoted from user-curated k1 row in the POD extraction sheet. Reference snippet: Individuation 320 Episode 50 - Tillich and Barfield 322 Tillich 322 Non-theism 325 xBarfield 325 ________________ Episode 1 - Introduction https://youtu.be/54l8_ewcOlY * Going to d
Normativity,normativity,plain-english,"The field of what counts as appropriate, fitting, or binding in thought and action. In the discussion, it names the orienting standards that shape choice rather than just factual description.",,,anki-seed | Glossary – What Happens When a Culture Loses the Sacred,Glossary – What Happens When a Culture Loses the Sacred,0fa95d834e4c4f518adce16fef3fca45,[:/0fa95d834e4c4f518adce16fef3fca45],seed-current,blank,
Orienting constraints,orienting-constraints,plain-english,"The pressures or structures that guide attention and action toward some possibilities rather than others. They are constraints not merely because they limit, but because they help disclose what is relevant.",,,anki-seed | Glossary – What Happens When a Culture Loses the Sacred,Glossary – What Happens When a Culture Loses the Sacred,0fa95d834e4c4f518adce16fef3fca45,[:/0fa95d834e4c4f518adce16fef3fca45],seed-current,blank,
p-zombies / philosophical zombies,p-zombies-philosophical-zombies,plain-english,Hypothetical beings that behave exactly like conscious humans while lacking any inner experience. They are used to test theories of consciousness.,Philosophical zombies are most associated with David Chalmers and late-20th-century philosophy of mind debates about whether physical explanation can fully account for consciousness.,"This matters wherever Vervaeke distinguishes intelligent information processing from lived consciousness, salience, and meaningful experience.",manual-enrichment | POD notes doc | user-curated k1 sheet,POD's Awakening from the Meaning Crisis Notes,manual-pod-k1-2026-07-15,https://docs.google.com/document/d/1VEhfb09YIZLW1a__Ck4uq_618SYP4fwW5b3YimZaux4/edit?tab=t.0,seed-current,grounded,Promoted from user-curated k1 row in the POD extraction sheet. Translation seed hint: re:David Chalmers
Participatory knowing,participatory-knowing,plain-english,Knowing by being involved in a way that changes both you and what can show up for you. It is not just observing from outside but being transformed through engagement.,"Vervaeke’s usage resonates with embodied, ecological, and enactive approaches to cognition, plus older philosophical themes about transformation in the knower. It is less a single inherited technical term than a synthesis of those traditions.","He uses it for the deepest mode of knowing: the form in which identity, attention, and world-disclosure are reshaped together through participation rather than detached spectatorship.",manual-enrichment | Vervaeke core frameworks,Manual corpus enrichment — Vervaeke core frameworks,manual-4p-4e-2026-07-15,,seed-current,provisional,Upgrades the earlier seed row with explicit 4P background and usage.
Particularization (Scope),particularization-scope,plain-english,"Narrowing a general pattern or rule so that it fits a specific context, task, or local set of constraints.","The term is not a standard canonical label here, but it fits the broader cognitive-scientific problem of balancing generalization with local fit.",Vervaeke uses this kind of scope adjustment to show that intelligence is not just abstraction; it is also precise context-sensitive fitting.,manual-enrichment | POD notes doc | user-curated k sheet,POD's Awakening from the Meaning Crisis Notes,manual-pod-k-topup-2026-07-15,https://docs.google.com/document/d/1VEhfb09YIZLW1a__Ck4uq_618SYP4fwW5b3YimZaux4/edit?tab=t.0,seed-current,provisional,"Promoted from user-curated k row in the POD extraction sheet. Reference snippet: ry-motor loop, protecting and promoting auto-poeitic goals will be reinforced Particularization (Scope) * Trying to create a function that overfits with the data *"
Perennial Problems,perennial-problems,plain-english,"The recurring human problems of suffering, self-deception, foolishness, mortality, alienation, and the search for wisdom.",The phrase evokes the perennial dimension of human existence—problems that persist across eras even when cultural forms change.,Vervaeke uses perennial problems to connect ancient spiritual practices with contemporary cognitive and existential needs.,manual-enrichment | POD notes doc | user-curated k sheet,POD's Awakening from the Meaning Crisis Notes,manual-pod-k-topup-2026-07-15,https://docs.google.com/document/d/1VEhfb09YIZLW1a__Ck4uq_618SYP4fwW5b3YimZaux4/edit?tab=t.0,seed-current,grounded,Promoted from user-curated k row in the POD extraction sheet. Reference snippet: deeply profoundly participatory fashion. ________________ Episode 36 - Religio/Perennial Problems/Reverse Engineering Enlightenment https://youtu.be/48Ch2x3DrfM * Symbols are a pa
Perennial questions,perennial-questions,plain-english,"Questions that recur across times and cultures because they arise from enduring features of human existence. Examples here include consciousness, being, intelligibility, and meaning.",,,anki-seed | Glossary – What Happens When a Culture Loses the Sacred,Glossary – What Happens When a Culture Loses the Sacred,0fa95d834e4c4f518adce16fef3fca45,[:/0fa95d834e4c4f518adce16fef3fca45],seed-current,blank,
Performative contradiction,performative-contradiction,plain-english,When the content of what you say clashes with what your act of saying it already presupposes.,Commonly discussed in speech-act theory and especially associated with Karl-Otto Apel and Jurgen Habermas. The idea is that some claims pragmatically undermine themselves by relying on norms they verbally deny.,"Vervaeke uses it against positions that deny truth, objectivity, or trans-perspectival claims while still speaking as if their own claim deserves broader authority.",transcript-expansion | John Vervaeke and Guy Sengstock Why Modernity Can't See the Sacred Anymore - 2026-07-13,John Vervaeke and Guy Sengstock Why Modernity Can't See the Sacred Anymore - 2026-07-13,d7dad7bdf88149ac87c053ee0f800530,[:/d7dad7bdf88149ac87c053ee0f800530],seed-current,grounded,Added from the later transcript note clarification section.
Perspectival knowing,perspectival-knowing,plain-english,"Knowing from a situated point of view: a felt orientation in which some things show up as salient, dangerous, inviting, or relevant before you explicitly theorize about them.","This is not a single famous inherited label in the way knowing-that and knowing-how are. It is better understood as a synthesis of themes from phenomenology, ecological psychology, and situated cognition: how the world shows up from within a lived perspective.","He uses it for the salience-shaping, orientation-setting dimension of cognition: the way a situation is already framed for you before deliberate reflection begins.",manual-enrichment | Vervaeke core frameworks,Manual corpus enrichment — Vervaeke core frameworks,manual-4p-4e-2026-07-15,,seed-current,provisional,Added to support the 4Ps cluster explicitly; origin background is interpretive rather than a single canonical source label.
Pilgrimage as antidote to modernity,pilgrimage-as-antidote-to-modernity,plain-english,"The claim that a pilgrim disposition counters modernity’s habits of control, superficiality, and self-protection. It works by restoring vulnerability, wonder, and transformation as central virtues.",,,anki-seed | Glossary – What Happens When a Culture Loses the Sacred,Glossary – What Happens When a Culture Loses the Sacred,0fa95d834e4c4f518adce16fef3fca45,[:/0fa95d834e4c4f518adce16fef3fca45],seed-current,blank,
Plato,plato,plain-english,"The philosopher who framed reality, self-transformation, and wisdom in terms of ascent from appearance toward deeper intelligibility and the Good.","Plato is a foundational Greek philosopher whose dialogues shaped metaphysics, epistemology, psychology, and philosophy as a transformational path.","Vervaeke repeatedly returns to Plato because Platonic themes help him discuss forms, participation, psyche, the cave, and the relationship between truth and transformation.",manual-enrichment | POD notes doc | user-curated k1 sheet,POD's Awakening from the Meaning Crisis Notes,manual-pod-k1-2026-07-15,https://docs.google.com/document/d/1VEhfb09YIZLW1a__Ck4uq_618SYP4fwW5b3YimZaux4/edit?tab=t.0,seed-current,grounded,"Promoted from user-curated k1 row in the POD extraction sheet. Reference snippet: dern people do not find them relevant, they are not widely read. * In contrast, Plato, Bible, Confucius probably have read feel are relevant in way people from the bronze age aren’"
"Plato’s Psychology - Man, Monster and Lion",platos-psychology-man-monster-and-lion,plain-english,"Plato’s image of the psyche as a conflict among rational, appetitive, and aggressive forces that must be rightly ordered.","This comes from Platonic moral psychology, especially the Republic, where psychic conflict is rendered through symbolic inner figures.","Vervaeke uses it to explain self-deception, akrasia, character formation, and why wisdom requires inner integration rather than mere information.",manual-enrichment | POD notes doc | user-curated k sheet,POD's Awakening from the Meaning Crisis Notes,manual-pod-k-topup-2026-07-15,https://docs.google.com/document/d/1VEhfb09YIZLW1a__Ck4uq_618SYP4fwW5b3YimZaux4/edit?tab=t.0,seed-current,grounded,"Promoted from user-curated k row in the POD extraction sheet. Reference snippet: sing towards the future, from the world of illusion to the world of reality Plato’s Psychology - Man, Monster and Lion * Plato: first psychological theory in history. Still relevan"
Poiesis,poiesis,plain-english,A bringing-forth in which something comes into presence through making or disclosure. It differs from mere manufacture because it can include receptive participation in emergence.,,,anki-seed | Glossary – What Happens When a Culture Loses the Sacred,Glossary – What Happens When a Culture Loses the Sacred,0fa95d834e4c4f518adce16fef3fca45,[:/0fa95d834e4c4f518adce16fef3fca45],seed-current,blank,
Pragmatics,pragmatics,plain-english,"The study of what language conveys in context beyond its literal wording. It matters here because genuine dialogue depends on hearing implied meaning, not just parsing explicit sentences.",,,anki-seed | Glossary – What Happens When a Culture Loses the Sacred,Glossary – What Happens When a Culture Loses the Sacred,0fa95d834e4c4f518adce16fef3fca45,[:/0fa95d834e4c4f518adce16fef3fca45],seed-current,blank,
Procedural knowing,procedural-knowing,plain-english,"Knowing how to do something: skill, fluent competence, and embodied performance rather than merely stating the right rules.","It is closely related to the classic knowing-how distinction, especially foregrounded by Gilbert Ryle against the idea that all intelligence reduces to explicit propositions or inner rule books.",Vervaeke uses it for the trained performance dimension of cognition: what you can reliably do or enact even when you cannot fully state all the rules that guide you.,manual-enrichment | Vervaeke core frameworks,Manual corpus enrichment — Vervaeke core frameworks,manual-4p-4e-2026-07-15,,seed-current,grounded,Added to support the 4Ps cluster explicitly.
Prophetic tradition,prophetic-tradition,plain-english,"A mode of religious critique that calls people back from self-deception, injustice, and idolatry toward deeper reality and moral transformation.","The prophetic tradition is rooted in ancient Israel, where prophets are not mere fortune-tellers but figures who diagnose cultural disorder and demand reorientation.",Vervaeke uses it as part of the axial revolution: a recurring wake-up mechanism that exposes collective foolishness and renews meaning.,manual-enrichment | POD notes doc | user-curated k sheet,POD's Awakening from the Meaning Crisis Notes,manual-pod-k-topup-2026-07-15,https://docs.google.com/document/d/1VEhfb09YIZLW1a__Ck4uq_618SYP4fwW5b3YimZaux4/edit?tab=t.0,seed-current,grounded,Promoted from user-curated k row in the POD extraction sheet. Reference snippet: has to intervene periodically * God has to do something to wake people up Prophetic tradition * Prophetic tradition * Prophet not someone who tells the future. * Prophesy not about
Prophets of the Meaning Crisis,prophets-of-the-meaning-crisis,plain-english,The thinkers who diagnosed modern meaning breakdown before it was widely recognized and who pointed toward its deeper causes.,"This is a Vervaeke-style grouping of major modern diagnosticians such as Nietzsche, Heidegger, Tillich, and others.",Vervaeke treats such figures as prophetic because they reveal structural pathologies in modernity rather than merely expressing private pessimism.,manual-enrichment | POD notes doc | user-curated k sheet,POD's Awakening from the Meaning Crisis Notes,manual-pod-k-topup-2026-07-15,https://docs.google.com/document/d/1VEhfb09YIZLW1a__Ck4uq_618SYP4fwW5b3YimZaux4/edit?tab=t.0,seed-current,grounded,Promoted from user-curated k row in the POD extraction sheet. Reference snippet: 290 Episode 46 - Conclusion 293 Wise cultivation of enlightenment 294 Prophets of the Meaning Crisis 295 Husserl 296 Heidegger 297 Episode 47 - Heidegger 299 Avens 304 Forgetfulnes
Propositional knowing,propositional-knowing,plain-english,"Knowing that something is the case: explicit beliefs, claims, statements, and descriptions that can be said or judged true or false.",This is the most familiar philosophical sense of knowledge in analytic epistemology: knowing-that. Vervaeke inherits the label from that broader tradition rather than inventing it from scratch.,"He treats it as indispensable but insufficient. You can have lots of propositions without having the skill, orientation, or transformation needed to live wisely.",manual-enrichment | Vervaeke core frameworks,Manual corpus enrichment — Vervaeke core frameworks,manual-4p-4e-2026-07-15,,seed-current,grounded,Added to support the 4Ps cluster explicitly.
Psychotechnology,psychotechnology,plain-english,"A tool or practice that systematically alters, trains, extends, or reorganizes the way the mind works.","The term is used for techniques such as literacy, meditation, ritual, dialogue, and other structured practices that reshape cognition.","Psychotechnologies are central for Vervaeke because cultures survive and transform by inventing practices that rewire attention, memory, selfhood, and participation.",manual-enrichment | POD notes doc | user-curated k1 sheet,POD's Awakening from the Meaning Crisis Notes,manual-pod-k1-2026-07-15,https://docs.google.com/document/d/1VEhfb09YIZLW1a__Ck4uq_618SYP4fwW5b3YimZaux4/edit?tab=t.0,seed-current,grounded,Promoted from user-curated k1 row in the POD extraction sheet. Reference snippet: gnificantly. Much more likely its a software change in how people are using the brain. * Psychotechnology: * Technology means systematic use of a tool * Natural born cyborg: brain
Rationality and Being in Contact with Reality,rationality-and-being-in-contact-with-reality,plain-english,Rationality understood not just as formal correctness but as an improved capacity to be appropriately responsive to what is real.,This reframing pushes beyond narrow modern accounts of rationality toward older philosophical and virtue-based models tied to wisdom and fit.,"Vervaeke regularly argues that rationality should be judged by contact with reality, self-correction, and orientation, not only by rule-following.",manual-enrichment | POD notes doc | user-curated k sheet,POD's Awakening from the Meaning Crisis Notes,manual-pod-k-topup-2026-07-15,https://docs.google.com/document/d/1VEhfb09YIZLW1a__Ck4uq_618SYP4fwW5b3YimZaux4/edit?tab=t.0,seed-current,grounded,"Promoted from user-curated k row in the POD extraction sheet. Reference snippet: even though I want to. And I feel guilty or ashamed or weak when I give in.) Rationality and Being in Contact with Reality * living up to potential, ascending the hierarchy * Arist"
Reciprocal narrowing / parasitic processing,reciprocal-narrowing-parasitic-processing,plain-english,"A self-reinforcing process in which attention, identity, and behavior get trapped in ever-narrower loops of salience. In addiction or parasitic processing, the very machinery of intelligence turns against flourishing and progressively reduces agency.","The human glossary draft explicitly treats reciprocal narrowing, parasitic processing, and addiction formation as cross-sections of the same process. MeaningCrisis.co’s transcript for Episode 13 frames Buddhism as responding to parasitic processing and the machinery of self-deceptive, self-destructive behavior.","Vervaeke uses it to explain how relevance realization can be hijacked: what should help us adapt can instead lock us into compulsive, self-confirming loops that narrow worldview, agency, and self-transcendence.",manual-enrichment | human glossary draft | Awakening from the Meaning Crisis Ep. 13,Human glossary draft / Episode 13: Buddhism and Parasitic Processing,manual-rn-2026-07-15,https://www.meaningcrisis.co/ep-13-awakening-from-the-meaning-crisis-buddhism-and-parasitic-processing/,seed-current,grounded,Added because this is one of the major negative dynamics in Vervaeke’s framing of the meaning crisis.
Reciprocal opening,reciprocal-opening,plain-english,"The mutually amplifying opening in which self and world, or self and other, disclose more of themselves to each other. It is the opposite dynamic to reciprocal narrowing: agency, insight, and connection widen instead of collapsing.","MeaningCrisis.co’s Episode 38 transcript explicitly describes agape and 4E cognitive science in terms of reciprocal opening, and external transcript/search references describe it as the opposite of reciprocal narrowing and as a key feature of love, dialogos, and transformation.","Vervaeke uses it for the positive dynamical spiral in which better attention, better relationship, and better disclosure reinforce each other, allowing salience, wisdom, and transformation to deepen together.",manual-enrichment | Awakening from the Meaning Crisis Ep. 38 | transcript search,Episode 38: Agape and 4E Cognitive Science,manual-ro-2026-07-15,https://www.meaningcrisis.co/ep-38-awakening-from-the-meaning-crisis-agape-and-4e-cognitive-science/,seed-current,grounded,Added as the explicit positive counterpart to reciprocal narrowing.
Releasement,releasement,plain-english,A letting-be rather than a grasping or controlling stance toward reality. It names the felt loosening by which one becomes available to what exceeds one’s plans.,,,anki-seed | Glossary – What Happens When a Culture Loses the Sacred,Glossary – What Happens When a Culture Loses the Sacred,0fa95d834e4c4f518adce16fef3fca45,[:/0fa95d834e4c4f518adce16fef3fca45],seed-current,blank,
Relevance realization,relevance-realization,plain-english,The core cognitive ability to zero in on what matters while ignoring the vast background of what does not. Vervaeke treats it as fundamental to intelligence because without it thought and action would drown in combinatorial explosion.,"The term is central to Vervaeke’s cognitive-science program and is explicitly foregrounded across Awakening from the Meaning Crisis episodes 28–31, where he develops it in dialogue with problem formulation, dynamical systems, embodied and embedded cognition, and general intelligence.","He uses it as the engine underneath salience, insight, problem solving, worldview attunement, and even spirituality: the process by which relevance gets discovered, enacted, and refined across mind, body, and world.",manual-enrichment | POD notes doc | human glossary draft,POD's Awakening from the Meaning Crisis Notes / human glossary draft,manual-rr-2026-07-15,https://docs.google.com/document/d/1VEhfb09YIZLW1a__Ck4uq_618SYP4fwW5b3YimZaux4/edit?tab=t.0,seed-current,grounded,Added from the public POD notes doc plus the earlier human glossary draft.
Religio,religio,plain-english,"For Vervaeke, a name for the meaning-binding dimension of life: the sense of being bound into a world of significance that grounds both self and world.","He uses the Latin-rooted term deliberately to evoke religion without simply meaning institutional religion. In prior glossary material, it is linked to relinking or binding and to a phenomenology of meaning-making rather than to dogma alone.","It names the generalized relevance-realization or spirituality layer that includes connectedness, caring, self-transcendence, and fundamental framing.",transcript-expansion | human glossary draft,Human Vervaeke glossary draft,,,seed-candidate,grounded,Not in the first sacredness deck; pulled from the prior human glossary text because it seems important for the app corpus.
Representational Level,representational-level,plain-english,"The level at which cognitive states stand for, depict, or direct an agent toward objects, situations, or possibilities.","Representation is a central concept in philosophy of mind and cognitive science, especially in theories that treat mental content as world-directed.",Vervaeke discusses the representational level as necessary but insufficient for explaining relevance and participatory knowing.,manual-enrichment | POD notes doc | user-curated k sheet,POD's Awakening from the Meaning Crisis Notes,manual-pod-k-topup-2026-07-15,https://docs.google.com/document/d/1VEhfb09YIZLW1a__Ck4uq_618SYP4fwW5b3YimZaux4/edit?tab=t.0,seed-current,grounded,"Promoted from user-curated k row in the POD extraction sheet. Reference snippet: . we should garner lessons about how we should think about human spirituality Representational Level * Mental entity that stands for, directs us towards an object in the world"
Response to Hegel,response-to-hegel,plain-english,"The broad set of philosophical and cultural reactions to Hegel’s totalizing historical vision, including both adoption and critique.","Post-Hegelian thought includes divergent responses from Marxists, Kierkegaardians, existentialists, phenomenologists, and others.","Vervaeke uses the responses to Hegel to track how modernity secularizes spiritual aspiration into ideology, critique, and new attempts at meaning.",manual-enrichment | POD notes doc | user-curated k sheet,POD's Awakening from the Meaning Crisis Notes,manual-pod-k-topup-2026-07-15,https://docs.google.com/document/d/1VEhfb09YIZLW1a__Ck4uq_618SYP4fwW5b3YimZaux4/edit?tab=t.0,seed-current,provisional,Promoted from user-curated k row in the POD extraction sheet. Reference snippet: eads across Europe * But many consider it to have collapsed Response to Hegel * Pattern of secularizing religion into systems of ideas that attempt to give total explanation and
Sacredness,sacredness,plain-english,A dimension of reality experienced as intrinsically worthy of reverence rather than mere use. Here it is tied to forms of meaning and obligation that are not simply human inventions.,,,anki-seed | Glossary – What Happens When a Culture Loses the Sacred,Glossary – What Happens When a Culture Loses the Sacred,0fa95d834e4c4f518adce16fef3fca45,[:/0fa95d834e4c4f518adce16fef3fca45],seed-current,blank,
Schopenhauer,schopenhauer,plain-english,"The philosopher who emphasized the primacy of will, suffering, and the irrational depths beneath surface rationality.","Arthur Schopenhauer is a major 19th-century philosopher whose work shaped later pessimism, existential thought, psychoanalytic sensibilities, and Nietzsche.","Vervaeke uses Schopenhauer as part of the genealogy of modernity’s struggle with meaning, irrationality, and the limits of purely rational self-understanding.",manual-enrichment | POD notes doc | user-curated k1 sheet,POD's Awakening from the Meaning Crisis Notes,manual-pod-k1-2026-07-15,https://docs.google.com/document/d/1VEhfb09YIZLW1a__Ck4uq_618SYP4fwW5b3YimZaux4/edit?tab=t.0,seed-current,grounded,Promoted from user-curated k1 row in the POD extraction sheet. Reference snippet: the psyche and world-making capacity * Priority of the will Schopenhauer * godfather of nihilism * Up-down model. Rational part and irrational part.
Scola / schole,scola-schole,plain-english,"A Greek notion often flattened into “leisure,” but really meaning the free, contemplative time in which truth can appear. It is the root of “school,” implying that learning once depended on non-productive openness.",,,anki-seed | Glossary – What Happens When a Culture Loses the Sacred,Glossary – What Happens When a Culture Loses the Sacred,0fa95d834e4c4f518adce16fef3fca45,[:/0fa95d834e4c4f518adce16fef3fca45],seed-current,blank,
Self-Organizing Criticality,self-organizing-criticality,plain-english,"A regime in which complex systems spontaneously organize near a critical threshold where they are poised for flexible, large-scale reconfiguration.","The concept comes from complexity science and the study of dynamical systems, avalanches, phase transitions, and emergent order.","Vervaeke uses it to illuminate how cognition may balance order and chaos in ways that support insight, salience, and adaptive transformation.",manual-enrichment | POD notes doc | user-curated k sheet,POD's Awakening from the Meaning Crisis Notes,manual-pod-k-topup-2026-07-15,https://docs.google.com/document/d/1VEhfb09YIZLW1a__Ck4uq_618SYP4fwW5b3YimZaux4/edit?tab=t.0,seed-current,grounded,"Promoted from user-curated k row in the POD extraction sheet. Reference snippet: y, then asynchronous, rapidly oscillating manner: self organizing criticality Self-Organizing Criticality * Particular kind of self-organizing * Ex: grains of sand"
Self-transcendence,self-transcendence,plain-english,"Moving beyond narrow ego-centered fixation into a wider, deeper, and more reality-responsive mode of being.","The phrase has roots across religious, existential, and psychological traditions, including Frankl, Maslow, phenomenology, and contemplative practice.","Self-transcendence is central for Vervaeke because wisdom requires decentering, transformation, and participation in something more than self-protective looping.",manual-enrichment | POD notes doc | user-curated k1 sheet,POD's Awakening from the Meaning Crisis Notes,manual-pod-k1-2026-07-15,https://docs.google.com/document/d/1VEhfb09YIZLW1a__Ck4uq_618SYP4fwW5b3YimZaux4/edit?tab=t.0,seed-current,grounded,"Promoted from user-curated k1 row in the POD extraction sheet. Reference snippet: * Get into a historical account of meaning. * Talk about connection meaning, wisdom and self-transcendence * Why do human beings seek to alter their consciousness? * Why does intel"
Shamanic,shamanic,plain-english,"Referring to traditions of guided passage through altered or threshold states for the sake of healing, insight, or communal orientation. It is invoked here as something deeper than merely taking psychedelics.",,,anki-seed | Glossary – What Happens When a Culture Loses the Sacred,Glossary – What Happens When a Culture Loses the Sacred,0fa95d834e4c4f518adce16fef3fca45,[:/0fa95d834e4c4f518adce16fef3fca45],seed-current,blank,
Shamanism,shamanism,plain-english,"A family of ritual and altered-state practices in which specialists reshape attention, identity, and meaning in order to heal, guide, or disclose reality differently.","Shamanism is an umbrella label applied across many cultures for ritual specialists who use trance, symbol, dance, ordeal, and altered consciousness.","Vervaeke treats shamanism as an early psychotechnology that helped expand cognition, distributed meaning-making, and the human capacity for transformation.",manual-enrichment | POD notes doc | user-curated k1 sheet,POD's Awakening from the Meaning Crisis Notes,manual-pod-k1-2026-07-15,https://docs.google.com/document/d/1VEhfb09YIZLW1a__Ck4uq_618SYP4fwW5b3YimZaux4/edit?tab=t.0,seed-current,grounded,"Promoted from user-curated k1 row in the POD extraction sheet. Reference snippet: ness? * Why does intelligence need to be conjoined to an altered state of consciousness * Shamanism, and ritual, and the flow state (in the zone). * Psychedelic experiences. * Myst"
Siddartha leaves the palace,siddartha-leaves-the-palace,plain-english,The scene in which Siddhartha encounters suffering beyond the protected world of privilege and begins the path toward awakening.,"The departure from the palace is a classic episode in the Buddha narrative, symbolizing confrontation with sickness, aging, and death.",Vervaeke treats it as a paradigm of breaking modal confusion: leaving insulated comfort so reality can re-order attention and identity.,manual-enrichment | POD notes doc | user-curated k sheet,POD's Awakening from the Meaning Crisis Notes,manual-pod-k-topup-2026-07-15,https://docs.google.com/document/d/1VEhfb09YIZLW1a__Ck4uq_618SYP4fwW5b3YimZaux4/edit?tab=t.0,seed-current,grounded,"Promoted from user-curated k row in the POD extraction sheet. Reference snippet: tation of this * By inducing modal confusion, possible to sell you more Siddartha leaves the palace * Siddartha leaves palace in chariot, sees a sick person. He’s distressed. What"
Siddhartha and the Mindfulness Revolution,siddhartha-and-the-mindfulness-revolution,plain-english,"The axial-Buddhist turn in which Siddhartha’s awakening becomes a template for disciplined attention, liberation, and transformative self-knowledge.","This draws on the story of Siddhartha Gautama and the later Buddhist traditions of meditation, insight, and liberation.","Vervaeke uses the mindfulness revolution as part of the Indian axial response to suffering, self-deception, and existential entrapment.",manual-enrichment | POD notes doc | user-curated k sheet,POD's Awakening from the Meaning Crisis Notes,manual-pod-k-topup-2026-07-15,https://docs.google.com/document/d/1VEhfb09YIZLW1a__Ck4uq_618SYP4fwW5b3YimZaux4/edit?tab=t.0,seed-current,grounded,Promoted from user-curated k row in the POD extraction sheet. Reference snippet: ing existential modes that are consonant with our best scientific understanding Siddhartha and the Mindfulness Revolution * mindfulness revolution * Meditation and contemplation: I
Situational Awareness,situational-awareness,plain-english,"An intelligent grasp of what is going on here and now, including what matters, what can happen next, and what action would fit.","The term is widely used in military, aviation, and cognitive science contexts for real-time environmental understanding.",Vervaeke uses it to show that relevance is not just internal computation; it is a skilled attunement to the live situation.,manual-enrichment | POD notes doc | user-curated k1 sheet,POD's Awakening from the Meaning Crisis Notes,manual-pod-k1-2026-07-15,https://docs.google.com/document/d/1VEhfb09YIZLW1a__Ck4uq_618SYP4fwW5b3YimZaux4/edit?tab=t.0,seed-current,grounded,Promoted from user-curated k1 row in the POD extraction sheet. Reference snippet: * Skill of RR -> so computational level not going to do it Situational Awareness * Wittgenstein: propositional depends on the procedural. * Eve
Socrates,socrates,plain-english,"The philosopher who made wisdom a practice of questioning, self-examination, and transformation rather than the possession of ready-made answers.","Socrates is the classical Athenian philosopher known mainly through Plato and Xenophon, and he became a foundational figure for philosophy as a way of life.","Vervaeke treats Socrates as a pivotal exemplar of dialectic, humility, and the restructuring of attention around the search for wisdom.",manual-enrichment | POD notes doc | user-curated k1 sheet,POD's Awakening from the Meaning Crisis Notes,manual-pod-k1-2026-07-15,https://docs.google.com/document/d/1VEhfb09YIZLW1a__Ck4uq_618SYP4fwW5b3YimZaux4/edit?tab=t.0,seed-current,grounded,Promoted from user-curated k1 row in the POD extraction sheet. Reference snippet: can transcend and see the world as beautiful * Huge influence on Plato * Socrates: epitomizes the Greek form of the axial revolution. Socratic revolution. * We are no longer in the
Socrates’ Quest,socrates-quest,plain-english,Socrates’ effort to understand how he could be called wise precisely when he knew he was not wise in the ordinary possessive sense.,"This refers to the Socratic narrative, especially in Plato’s Apology, of testing reputedly wise people after the Delphic oracle’s pronouncement.","Vervaeke uses it to show that wisdom begins in transformative questioning, humility, and the exposure of false certainty.",manual-enrichment | POD notes doc | user-curated k sheet,POD's Awakening from the Meaning Crisis Notes,manual-pod-k-topup-2026-07-15,https://docs.google.com/document/d/1VEhfb09YIZLW1a__Ck4uq_618SYP4fwW5b3YimZaux4/edit?tab=t.0,seed-current,grounded,Promoted from user-curated k row in the POD extraction sheet. Reference snippet: Personal dilemma: how can he be the wisest being when he knows he’s not wise Socrates’ Quest * Starts on a quest to determine how both of those things could be true at the same tim
Socrates’ Trial,socrates-trial,plain-english,"The prosecution and execution of Socrates, often taken as a defining clash between truth-oriented questioning and social-political self-protection.",Socrates was tried in Athens on charges of impiety and corrupting the youth; the event is central in Platonic memory and the identity of philosophy.,Vervaeke returns to the trial as a symbol of how societies resist the very questioning that could make them wiser.,manual-enrichment | POD notes doc | user-curated k sheet,POD's Awakening from the Meaning Crisis Notes,manual-pod-k-topup-2026-07-15,https://docs.google.com/document/d/1VEhfb09YIZLW1a__Ck4uq_618SYP4fwW5b3YimZaux4/edit?tab=t.0,seed-current,grounded,"Promoted from user-curated k row in the POD extraction sheet. Reference snippet: determine the truth, which helped them train their attention to find salience Socrates’ Trial * Socrates would go up to someone and ask questions, kept asking why, oh so you must k"
Sole authorship,sole-authorship,plain-english,The belief that humans can fully constitute meaning and normativity by themselves. The panel treats this as spiritually and culturally destabilizing because it erases any given order to answer to.,,,anki-seed | Glossary – What Happens When a Culture Loses the Sacred,Glossary – What Happens When a Culture Loses the Sacred,0fa95d834e4c4f518adce16fef3fca45,[:/0fa95d834e4c4f518adce16fef3fca45],seed-current,blank,
Super-salience (supersalient),super-salience,plain-english,"An intensified form of salience in which something stands out with exceptional vividness, presence, and attention-grabbing force. In positive forms it can accompany flow or awakening; in distorted forms it can be exploited by compulsive or addictive attention loops.","The Tim Ferriss interview transcript has Vervaeke explicitly say that in flow 'everything is super salient' and 'super present.' Related higher-states material in Awakening from the Meaning Crisis Episode 11 describes a dramatic increase in clarity, vividness, brightness, and sense-making, which fits the same salience intensification family.","Vervaeke uses the idea to point at how relevance realization can become especially vivid and powerful: more of the world lights up as meaningful, actionable, and real. It helps explain why flow, insight, and transformed states can feel hyper-real rather than merely intense.",manual-enrichment | Tim Ferriss transcript | Awakening from the Meaning Crisis Ep. 11,"Tim Ferriss interview transcript / Episode 11: Higher States of Consciousness, Part 1",manual-supersalience-2026-07-15,https://tim.blog/2023/02/25/john-vervaeke-transcript/,seed-current,grounded,Added because the exact phrase 'super salient' appears in Vervaeke’s discussion of flow and higher states.
Symbols and Sacredness,symbols-and-sacredness,plain-english,The idea that symbols do not merely stand for sacred realities but can open participation in them and reorganize salience through them.,"This draws on phenomenology, religious studies, and symbolic theory where symbols are world-disclosive rather than arbitrary signs.","Vervaeke uses symbols to explain how sacred meaning is enacted, felt, and transmitted rather than merely stated.",manual-enrichment | POD notes doc | user-curated k sheet,POD's Awakening from the Meaning Crisis Notes,manual-pod-k-topup-2026-07-15,https://docs.google.com/document/d/1VEhfb09YIZLW1a__Ck4uq_618SYP4fwW5b3YimZaux4/edit?tab=t.0,seed-current,grounded,"Promoted from user-curated k row in the POD extraction sheet. Reference snippet: * Religions, rich in symbolic machinery Symbols and Sacredness * Symbol original meant: to put two things together."
The Agent-Arena Relationship,the-agent-arena-relationship,plain-english,"The dynamic fit between a being trying to act and the meaningful world in which action becomes possible, relevant, and intelligible.","This vocabulary belongs to ecological, enactive, and relevance-realization ways of thinking that treat cognition as world-involving rather than sealed inside the head.","It is one of Vervaeke’s core framing devices for explaining intelligence, salience, and wisdom as adaptive coupling between person and world.",manual-enrichment | POD notes doc | user-curated k1 sheet,POD's Awakening from the Meaning Crisis Notes,manual-pod-k1-2026-07-15,https://docs.google.com/document/d/1VEhfb09YIZLW1a__Ck4uq_618SYP4fwW5b3YimZaux4/edit?tab=t.0,seed-current,grounded,"Promoted from user-curated k1 row in the POD extraction sheet. Reference snippet: and understanding of the world * World of purpose, things moving on purpose The Agent-Arena Relationship * His view makes sense of what he sees around him. This view external world"
The Cave,the-cave,plain-english,Plato’s image of humans mistaking shadows for reality and resisting the painful transformation required to see more truly.,"This is shorthand for Plato’s Allegory or Myth of the Cave from the Republic, a foundational image for ignorance, awakening, and education.",Vervaeke uses the cave as a model of how insight changes not just beliefs but the whole machinery by which self and world are experienced.,manual-enrichment | POD notes doc | user-curated k1 sheet,POD's Awakening from the Meaning Crisis Notes,manual-pod-k1-2026-07-15,https://docs.google.com/document/d/1VEhfb09YIZLW1a__Ck4uq_618SYP4fwW5b3YimZaux4/edit?tab=t.0,seed-current,grounded,"Promoted from user-curated k1 row in the POD extraction sheet. Reference snippet: knowing: not just changing my mind, knowing with the very machinery of my self Myth of the Cave * People in cave chained to a wall, with a fire, just see the shadows * Take the sha"
The Great Disembedding,the-great-disembedding,plain-english,"The process by which people are pulled out of thick participatory worlds and re-situated in more detached, buffered, disembedded forms of life.","The phrase strongly echoes Charles Taylor’s account of modernity, where persons, institutions, and meanings are increasingly loosened from older cosmic and communal embeddings.","Vervaeke uses it to describe how modern people lose lived contact with sacred, symbolic, and communal structures that once oriented meaning.",manual-enrichment | POD notes doc | user-curated k sheet,POD's Awakening from the Meaning Crisis Notes,manual-pod-k-topup-2026-07-15,https://docs.google.com/document/d/1VEhfb09YIZLW1a__Ck4uq_618SYP4fwW5b3YimZaux4/edit?tab=t.0,seed-current,grounded,Promoted from user-curated k row in the POD extraction sheet. Reference snippet: hings is shattered * Totally different worldview gets layered on top of this The Great Disembedding * Charles Taylor: the great disembedding * Mythological neither scientific nor j
The Imaginal,the-imaginal,plain-english,"A mode of reality-disclosure in which image, symbol, and vision are not mere fantasy but a serious way in which depth can appear.",The imaginal is strongly associated with Henry Corbin and related traditions that distinguish it from both literal materiality and arbitrary imagination.,Vervaeke uses the imaginal to recover symbolic and visionary participation without collapsing it into either superstition or private fiction.,manual-enrichment | POD notes doc | user-curated k sheet,POD's Awakening from the Meaning Crisis Notes,manual-pod-k-topup-2026-07-15,https://docs.google.com/document/d/1VEhfb09YIZLW1a__Ck4uq_618SYP4fwW5b3YimZaux4/edit?tab=t.0,seed-current,grounded,"Promoted from user-curated k row in the POD extraction sheet. Reference snippet: Physis 307 Narrative and Teleology 308 Corbin and Persian Sufism 310 Corbin, Gnosis and the Imaginal 310 The Symbol of the Angel and the Divine Double 313 Episode 49 - The Sacred S"
The Mystery of Religio,the-mystery-of-religio,plain-english,The depth-dimension of religio as an existentially charged mystery that cannot be reduced to mere explanation or doctrine.,"Religio has Latin roots, but here the emphasis is phenomenological: mystery as what transforms and confronts rather than what is merely unsolved.",Vervaeke uses the mystery of religio to distinguish a lived participatory bond with reality from thin institutional or propositional religion.,manual-enrichment | POD notes doc | user-curated k sheet,POD's Awakening from the Meaning Crisis Notes,manual-pod-k-topup-2026-07-15,https://docs.google.com/document/d/1VEhfb09YIZLW1a__Ck4uq_618SYP4fwW5b3YimZaux4/edit?tab=t.0,seed-current,grounded,"Promoted from user-curated k row in the POD extraction sheet. Reference snippet: y meaningful to a point, though if pushed too far in a negative sense: horror The Mystery of Religio * Difference between something being a phenomenological mystery and it being so"
The mythos of the divine double,the-mythos-of-the-divine-double,plain-english,"The mythic pattern in which a person encounters a higher counterpart, true self, or guiding double that calls them beyond ordinary identity.","Variations of the divine double appear across mythic, mystical, and imaginal traditions, especially in Corbin-related symbolism.","Vervaeke uses this motif to discuss transformation, symbolic identity, and the imaginal restructuring of selfhood.",manual-enrichment | POD notes doc | user-curated k sheet,POD's Awakening from the Meaning Crisis Notes,manual-pod-k-topup-2026-07-15,https://docs.google.com/document/d/1VEhfb09YIZLW1a__Ck4uq_618SYP4fwW5b3YimZaux4/edit?tab=t.0,seed-current,grounded,Promoted from user-curated k row in the POD extraction sheet. Reference snippet: d Second Self - Corbin and Jung 316 The Problem of Non-Logical Identity 316 The mythos of the divine double 318 The Sacred Second Self 320 Jung and Individuation 320 Episode 50 - T
The Numinous,the-numinous,plain-english,"A felt encounter with the mysteriously powerful, awe-inducing, and reality-disclosing dimension of the sacred.","The classic modern background is Rudolf Otto, who used the numinous for the uncanny, fascinating, overwhelming character of sacred encounter.",Vervaeke uses the numinous to explain how sacredness can be experienced as more than doctrine: as a transformative disclosure that seizes and reorients the person.,manual-enrichment | POD notes doc | user-curated k1 sheet,POD's Awakening from the Meaning Crisis Notes,manual-pod-k1-2026-07-15,https://docs.google.com/document/d/1VEhfb09YIZLW1a__Ck4uq_618SYP4fwW5b3YimZaux4/edit?tab=t.0,seed-current,grounded,"Promoted from user-curated k1 row in the POD extraction sheet. Reference snippet: - the fundamental experience * The experience of the numinous is to experience the transgressive side of the sacredness, how it opens us up in wonder and awe, and takes us to the h"
The Problem of Non-Logical Identity,the-problem-of-non-logical-identity,plain-english,The difficulty of understanding forms of sameness or participation that are not reducible to strict logical identity.,"This problem appears in mystical, symbolic, and philosophical contexts where analogy, participation, and transformation blur rigid categories.",Vervaeke uses it in the Corbin/Jung orbit to explain how symbolic participation can be real without collapsing distinctions into literal sameness.,manual-enrichment | POD notes doc | user-curated k sheet,POD's Awakening from the Meaning Crisis Notes,manual-pod-k-topup-2026-07-15,https://docs.google.com/document/d/1VEhfb09YIZLW1a__Ck4uq_618SYP4fwW5b3YimZaux4/edit?tab=t.0,seed-current,provisional,Promoted from user-curated k row in the POD extraction sheet. Reference snippet: Divine Double 313 Episode 49 - The Sacred Second Self - Corbin and Jung 316 The Problem of Non-Logical Identity 316 The mythos of the divine double 318 The Sacred Second Self 320 J
The Sacred,the-sacred,plain-english,"The dimension of reality experienced as ultimately worthy of devotion, transformation, and reorientation—not just as a doctrine to affirm.","The sacred has a broad religious and anthropological background, but modern thinkers often distinguish it from institutional religion or merely moral respectability.","Vervaeke distinguishes the sacred from thin religiosity: the sacred names what most deeply calls, reorders, and transforms one’s way of being.",manual-enrichment | POD notes doc | user-curated k1 sheet,POD's Awakening from the Meaning Crisis Notes,manual-pod-k1-2026-07-15,https://docs.google.com/document/d/1VEhfb09YIZLW1a__Ck4uq_618SYP4fwW5b3YimZaux4/edit?tab=t.0,seed-current,grounded,Promoted from user-curated k1 row in the POD extraction sheet. Translation seed hint: his definition related to experience not doctrine Reference snippet: * Serious playing: put themselves in a liminal play: normal world and the sacred world they want to dwell in. See how if they want to go through the change that religion is demandi
The Sacred Second Self,the-sacred-second-self,plain-english,"A transformed or higher selfhood disclosed through sacred, symbolic, or imaginal encounter rather than manufactured by ego alone.","The phrase fits Corbinian, Jungian, and mystical patterns in which a deeper self is encountered as vocation, image, or partner in transformation.",Vervaeke uses it to explore how sacred transformation can involve becoming answerable to a deeper mode of identity.,manual-enrichment | POD notes doc | user-curated k sheet,POD's Awakening from the Meaning Crisis Notes,manual-pod-k-topup-2026-07-15,https://docs.google.com/document/d/1VEhfb09YIZLW1a__Ck4uq_618SYP4fwW5b3YimZaux4/edit?tab=t.0,seed-current,provisional,Promoted from user-curated k row in the POD extraction sheet. Reference snippet: Imaginal 310 The Symbol of the Angel and the Divine Double 313 Episode 49 - The Sacred Second Self - Corbin and Jung 316 The Problem of Non-Logical Identity 316 The mythos of the d
The Sacred vs. Sacredness,the-sacred-vs-sacredness,plain-english,A distinction between the sacred as an orienting depth-reality and sacredness as the felt quality or disclosure of that dimension.,"The distinction is not a standard textbook binary, but it fits phenomenological and religious analyses of ultimacy, value, and numinous disclosure.",Vervaeke uses it to clarify that sacredness is not just a label; it is a mode of disclosed significance that may point toward the sacred proper.,manual-enrichment | POD notes doc | user-curated k sheet,POD's Awakening from the Meaning Crisis Notes,manual-pod-k-topup-2026-07-15,https://docs.google.com/document/d/1VEhfb09YIZLW1a__Ck4uq_618SYP4fwW5b3YimZaux4/edit?tab=t.0,seed-current,provisional,Promoted from user-curated k row in the POD extraction sheet. Reference snippet: it. * What else could be more valuable to us? The Sacred vs. Sacredness * What’s missing in religio but found in religion is to confront the sacred
The Science of Cognition: Intelligence,the-science-of-cognition-intelligence,plain-english,"The study of intelligence as the capacity to make adaptive, relevant, reality-tracking responses under conditions of complexity and limitation.","This belongs to cognitive science, AI, psychology, and philosophy of mind, but Vervaeke pushes the term beyond narrow IQ or computation models.",Vervaeke uses intelligence as a doorway into relevance realization: what matters is not raw calculation but fitted responsiveness.,manual-enrichment | POD notes doc | user-curated k sheet,POD's Awakening from the Meaning Crisis Notes,manual-pod-k-topup-2026-07-15,https://docs.google.com/document/d/1VEhfb09YIZLW1a__Ck4uq_618SYP4fwW5b3YimZaux4/edit?tab=t.0,seed-current,grounded,"Promoted from user-curated k row in the POD extraction sheet. Reference snippet: een the disciplines that addresses equivocation, fragmentation, and ignorance The Science of Cognition: Intelligence * Faculty in us for core meaning capacity = intelligence, makes"
The Sophists,the-sophists,plain-english,Teachers of rhetoric and success-oriented argument who could make a case skillfully without necessarily being ordered toward truth.,"The Sophists were influential educators in classical Greece, often presented by Plato as valuing persuasion and social advantage over wisdom.",Vervaeke uses the contrast between Socrates and the Sophists to highlight the difference between manipulative cleverness and truth-oriented rationality.,manual-enrichment | POD notes doc | user-curated k1 sheet,POD's Awakening from the Meaning Crisis Notes,manual-pod-k1-2026-07-15,https://docs.google.com/document/d/1VEhfb09YIZLW1a__Ck4uq_618SYP4fwW5b3YimZaux4/edit?tab=t.0,seed-current,grounded,Promoted from user-curated k1 row in the POD extraction sheet. Reference snippet: ut * Two groups of people accredited as being wise were the philosophers and the sophists * Pythagoras invented the word philosophy: * Philea - friendship love * Sophia - wisdom *
The Symbol of the Angel and the Divine Double,the-symbol-of-the-angel-and-the-divine-double,plain-english,A symbolic pattern in which higher guidance and a transformed self are encountered through imaginal figures such as the angelic double.,"This theme comes especially from Corbin’s work on angelology, the imaginal, and the divine or higher double in Persian and mystical traditions.","Vervaeke uses it to show how imaginal symbolism can mediate transformation, vocation, and contact with trans-egoic dimensions of selfhood.",manual-enrichment | POD notes doc | user-curated k sheet,POD's Awakening from the Meaning Crisis Notes,manual-pod-k-topup-2026-07-15,https://docs.google.com/document/d/1VEhfb09YIZLW1a__Ck4uq_618SYP4fwW5b3YimZaux4/edit?tab=t.0,seed-current,grounded,"Promoted from user-curated k row in the POD extraction sheet. Reference snippet: 308 Corbin and Persian Sufism 310 Corbin, Gnosis and the Imaginal 310 The Symbol of the Angel and the Divine Double 313 Episode 49 - The Sacred Second Self - Corbin and Jung 316 Th"
The view from nowhere,the-view-from-nowhere,plain-english,"The fantasy that you could describe reality from a completely neutral, perspective-free standpoint — as if you were seeing without standing anywhere.","Most directly associated with Thomas Nagel, especially The View from Nowhere (1986). The phrase names the aspiration toward objectivity by trying to transcend one's limited point of view.","Vervaeke uses it critically: if truth requires a standpoint outside every standpoint, the ideal starts to look impossible or incoherent.",transcript-expansion | John Vervaeke and Guy Sengstock Why Modernity Can't See the Sacred Anymore - 2026-07-13,John Vervaeke and Guy Sengstock Why Modernity Can't See the Sacred Anymore - 2026-07-13,d7dad7bdf88149ac87c053ee0f800530,[:/d7dad7bdf88149ac87c053ee0f800530],seed-current,grounded,Added from the later transcript note clarification section.
Theoria,theoria,plain-english,The Greek ideal of contemplative seeing or beholding. It suggests a receptive mode of understanding that is not reducible to technical problem-solving.,"Originally a Greek word tied to beholding, contemplative seeing, and in some historical contexts sacred or civic viewing or journeying. Vervaeke leans on the older contemplative sense rather than the modern idea of detached theory.","He uses it to recover a receptive, transformative mode of understanding rather than narrow problem-solving or information capture.",anki-seed | Glossary – What Happens When a Culture Loses the Sacred,Glossary – What Happens When a Culture Loses the Sacred,0fa95d834e4c4f518adce16fef3fca45,[:/0fa95d834e4c4f518adce16fef3fca45],seed-current,grounded,
Theories of Relevance,theories-of-relevance,plain-english,"Competing attempts to explain how agents determine what matters, what to ignore, and what action is fitting in a given situation.","Relevance theory spans philosophy, linguistics, AI, psychology, and cognitive science, but no simple account solves the issue cleanly.",Vervaeke uses the failure of simple theories of relevance to motivate relevance realization as the core problem of cognition.,manual-enrichment | POD notes doc | user-curated k sheet,POD's Awakening from the Meaning Crisis Notes,manual-pod-k-topup-2026-07-15,https://docs.google.com/document/d/1VEhfb09YIZLW1a__Ck4uq_618SYP4fwW5b3YimZaux4/edit?tab=t.0,seed-current,grounded,Promoted from user-curated k row in the POD extraction sheet. Reference snippet: ep connection between relevance and agency and meaning/agent arena relationship Theories of Relevance * Mistakes for theory of relevance is when we argue in a circle: whatever proc
Theory of Evolution,theory-of-evolution,plain-english,"The explanatory framework in which complex forms arise through variation, selection, retention, and adaptation across time.","The modern theory is associated above all with Darwin and later evolutionary biology, though it has since expanded in scope and sophistication.",Vervaeke uses evolution as a model for non-brute-force intelligence and for how relevance can emerge through dynamical fit rather than top-down design.,manual-enrichment | POD notes doc | user-curated k sheet,POD's Awakening from the Meaning Crisis Notes,manual-pod-k-topup-2026-07-15,https://docs.google.com/document/d/1VEhfb09YIZLW1a__Ck4uq_618SYP4fwW5b3YimZaux4/edit?tab=t.0,seed-current,grounded,Promoted from user-curated k row in the POD extraction sheet. Reference snippet: nstraints: reduce the possibilities/reduce the options * Natural Selection Theory of Evolution * Natural selection probably first dynamical Systems theory * Accounts for growth and
Theory of understanding,theory-of-understanding,plain-english,An account of what it means not merely to know facts but to grasp how things fit together in a way that reorganizes thought and action.,Understanding is a longstanding philosophical and cognitive topic distinct from bare belief or information possession.,"Vervaeke links understanding to insight, relevance, and wisdom rather than treating it as static propositional storage.",manual-enrichment | POD notes doc | user-curated k sheet,POD's Awakening from the Meaning Crisis Notes,manual-pod-k-topup-2026-07-15,https://docs.google.com/document/d/1VEhfb09YIZLW1a__Ck4uq_618SYP4fwW5b3YimZaux4/edit?tab=t.0,seed-current,grounded,Promoted from user-curated k row in the POD extraction sheet. Reference snippet: isdom 282 Episode 45 - The Nature of Wisdom 288 Theory of Wisdom 288 Theory of understanding 290 Episode 46 - Conclusion 293 Wise cultivation of enlightenment 294 Prophets of the M
Theory of Wisdom,theory-of-wisdom,plain-english,"An account of what wisdom is, how it differs from intelligence or knowledge, and how it can be cultivated.","Wisdom theory spans philosophy, psychology, religion, and practical ethics, with no single uncontested model.","Vervaeke develops a theory of wisdom centered on self-transcendence, overcoming self-deception, and increasing contact with reality.",manual-enrichment | POD notes doc | user-curated k sheet,POD's Awakening from the Meaning Crisis Notes,manual-pod-k-topup-2026-07-15,https://docs.google.com/document/d/1VEhfb09YIZLW1a__Ck4uq_618SYP4fwW5b3YimZaux4/edit?tab=t.0,seed-current,grounded,Promoted from user-curated k row in the POD extraction sheet. Reference snippet: 9 Episode 44 - Theories of Wisdom 282 Episode 45 - The Nature of Wisdom 288 Theory of Wisdom 288 Theory of understanding 290 Episode 46 - Conclusion 293 Wise cultivation of enlight
Thesis / antithesis / Synthesis,thesis-antithesis-synthesis,plain-english,"A shorthand for developmental conflict and reintegration, where tensions generate higher-order reorganization.","Though often simplistically attributed to Hegel, the phrase functions as a popular handle on dialectical development in German idealism.",Vervaeke uses dialectical development to explain historical and cognitive transformation without reducing reality to static categories.,manual-enrichment | POD notes doc | user-curated k sheet,POD's Awakening from the Meaning Crisis Notes,manual-pod-k-topup-2026-07-15,https://docs.google.com/document/d/1VEhfb09YIZLW1a__Ck4uq_618SYP4fwW5b3YimZaux4/edit?tab=t.0,seed-current,grounded,Promoted from user-curated k row in the POD extraction sheet. Reference snippet: gs that were confused together get differentiated apart and get reintegrated. Thesis / antithesis / Synthesis * Hegel thought saw internal development of Geist like a living thing
Tillich,tillich,plain-english,The theologian-philosopher who interpreted religion in terms of ultimate concern rather than narrow supernatural belief alone.,"Paul Tillich is a major 20th-century Protestant thinker known for existential theology, ultimate concern, and the courage to be.","Vervaeke uses Tillich as a resource for talking about depth, ultimacy, and the sacred in a way that can survive the collapse of naïve supernaturalism.",manual-enrichment | POD notes doc | user-curated k1 sheet,POD's Awakening from the Meaning Crisis Notes,manual-pod-k1-2026-07-15,https://docs.google.com/document/d/1VEhfb09YIZLW1a__Ck4uq_618SYP4fwW5b3YimZaux4/edit?tab=t.0,seed-current,grounded,Promoted from user-curated k1 row in the POD extraction sheet. Reference snippet: 318 The Sacred Second Self 320 Jung and Individuation 320 Episode 50 - Tillich and Barfield 322 Tillich 322 Non-theism 325 xBarfield 325 ________________ Episode 1 - Introduction h
Tourist vs pilgrim,tourist-vs-pilgrim,plain-english,"A typology contrasting protected consumption with transformative openness. The tourist carries their world like a bubble, while the pilgrim consents to being changed by encounter.",,,anki-seed | Glossary – What Happens When a Culture Loses the Sacred,Glossary – What Happens When a Culture Loses the Sacred,0fa95d834e4c4f518adce16fef3fca45,[:/0fa95d834e4c4f518adce16fef3fca45],seed-current,blank,
Transformative Experience,transformative-experience,plain-english,An experience that does not just add information but changes the person in a way they could not fully evaluate beforehand.,"A clear modern reference is L. A. Paul’s Transformative Experience, though the broader idea also resonates with religious conversion, awakening, and deep therapy.","Vervaeke uses transformative experience to explain why some kinds of knowing and healing involve becoming different, not just learning facts.",manual-enrichment | POD notes doc | user-curated k1 sheet,POD's Awakening from the Meaning Crisis Notes,manual-pod-k1-2026-07-15,https://docs.google.com/document/d/1VEhfb09YIZLW1a__Ck4uq_618SYP4fwW5b3YimZaux4/edit?tab=t.0,seed-current,grounded,Promoted from user-curated k1 row in the POD extraction sheet. Reference snippet: experience that was somehow more real than this. Have to change the world and myself. * Transformative experience. Good research shows they are right. Their lives get better * Prop
Trivializing redescription,trivializing-redescription,plain-english,"A rhetorical move that reduces a rich claim to a thinner, more dismissible version of itself. It allows someone to avoid genuine engagement while pretending to have answered the point.",,,anki-seed | Glossary – What Happens When a Culture Loses the Sacred,Glossary – What Happens When a Culture Loses the Sacred,0fa95d834e4c4f518adce16fef3fca45,[:/0fa95d834e4c4f518adce16fef3fca45],seed-current,blank,
Universal calculus,universal-calculus,plain-english,"Leibniz’s dream of a formal symbolic system that could resolve reasoning by calculation. It stands here for the ambition to reduce understanding to explicit, computable procedure.",,,anki-seed | Glossary – What Happens When a Culture Loses the Sacred,Glossary – What Happens When a Culture Loses the Sacred,0fa95d834e4c4f518adce16fef3fca45,[:/0fa95d834e4c4f518adce16fef3fca45],seed-current,blank,
Verticality,verticality,plain-english,"The idea that reality and life have real depth: some ways of being are genuinely higher, truer, wiser, or more awakening than others.","Not a single coined historical term so much as a shorthand for older moral, spiritual, and philosophical pictures in which value is not flat. Vervaeke uses it for an upward orientation toward what is better rather than merely preferred.","In the note, it contrasts with a flattened modern or postmodern picture where there are only perspectives and preferences side-by-side.",transcript-expansion | John Vervaeke and Guy Sengstock Why Modernity Can't See the Sacred Anymore - 2026-07-13,John Vervaeke and Guy Sengstock Why Modernity Can't See the Sacred Anymore - 2026-07-13,d7dad7bdf88149ac87c053ee0f800530,[:/d7dad7bdf88149ac87c053ee0f800530],seed-current,grounded,"Added from the top-of-note clarification, not from the original Anki deck."
Via contemplativa,via-contemplativa,plain-english,"The contemplative way of life centered on attention, receptivity, and insight. The speakers contrast it with a culture that legitimates only productivity and output.",,,anki-seed | Glossary – What Happens When a Culture Loses the Sacred,Glossary – What Happens When a Culture Loses the Sacred,0fa95d834e4c4f518adce16fef3fca45,[:/0fa95d834e4c4f518adce16fef3fca45],seed-current,blank,
Vico’s principle,vicos-principle,plain-english,"The idea, associated with Giambattista Vico, that we know something most fully when we can make it. The discussion treats this as a pivotal move toward equating understanding with fabrication.",,,anki-seed | Glossary – What Happens When a Culture Loses the Sacred,Glossary – What Happens When a Culture Loses the Sacred,0fa95d834e4c4f518adce16fef3fca45,[:/0fa95d834e4c4f518adce16fef3fca45],seed-current,blank,
virtues,virtues,plain-english,Stable excellences of character and perception that make a person reliably better at living well and responding fittingly to reality.,"The classic background is Greek virtue ethics, especially Aristotle, where virtues are cultivated habits that align character, judgment, and action.","Vervaeke treats virtues less as moral decoration and more as cognitive-existential capacities that improve wisdom, self-transcendence, and contact with what is real.",manual-enrichment | POD notes doc | user-curated k1 sheet,POD's Awakening from the Meaning Crisis Notes,manual-pod-k1-2026-07-15,https://docs.google.com/document/d/1VEhfb09YIZLW1a__Ck4uq_618SYP4fwW5b3YimZaux4/edit?tab=t.0,seed-current,grounded,Promoted from user-curated k1 row in the POD extraction sheet. Translation seed hint: aristotle etc
Well defined vs. ill defined problems,well-defined-vs-ill-defined-problems,plain-english,"The distinction between problems with clear states, goals, and rules, and problems whose framing and constraints are themselves part of the difficulty.","This is a standard distinction in problem-solving theory, design, AI, and cognitive psychology.","Vervaeke uses it to argue that human wisdom is crucial because real life is dominated by ill-defined problems, not neat textbook puzzles.",manual-enrichment | POD notes doc | user-curated k sheet,POD's Awakening from the Meaning Crisis Notes,manual-pod-k-topup-2026-07-15,https://docs.google.com/document/d/1VEhfb09YIZLW1a__Ck4uq_618SYP4fwW5b3YimZaux4/edit?tab=t.0,seed-current,grounded,Promoted from user-curated k row in the POD extraction sheet. Reference snippet: we need it * Fundamentally different kinds of problems: Well defined vs. ill defined problems * Well-defined problem: good meaning and effective guiding representation of the initi
Wise cultivation of enlightenment,wise-cultivation-of-enlightenment,plain-english,"The disciplined, skillful development of practices that foster awakening without collapsing into fantasy, domination, or self-deception.","The phrase is synthetic, but it draws from contemplative traditions, virtue ethics, and modern attempts to operationalize awakening.","Vervaeke treats enlightenment as something that must be cultivated wisely through psychotechnologies, communities, and ongoing transformation.",manual-enrichment | POD notes doc | user-curated k sheet,POD's Awakening from the Meaning Crisis Notes,manual-pod-k-topup-2026-07-15,https://docs.google.com/document/d/1VEhfb09YIZLW1a__Ck4uq_618SYP4fwW5b3YimZaux4/edit?tab=t.0,seed-current,provisional,Promoted from user-curated k row in the POD extraction sheet. Reference snippet: f Wisdom 288 Theory of understanding 290 Episode 46 - Conclusion 293 Wise cultivation of enlightenment 294 Prophets of the Meaning Crisis 295 Husserl 296 Heidegger 297 Episode 47 -
Wonder,wonder,plain-english,A posture in which self and world are questioned together and reality is allowed to exceed one’s frame. It differs from curiosity by inviting transformation rather than mere information capture.,,,anki-seed | Glossary – What Happens When a Culture Loses the Sacred,Glossary – What Happens When a Culture Loses the Sacred,0fa95d834e4c4f518adce16fef3fca45,[:/0fa95d834e4c4f518adce16fef3fca45],seed-current,blank,
World War II: Battle of Kursk,world-war-ii-battle-of-kursk,plain-english,A decisive Eastern Front battle often used as a symbol of industrial-scale ideological conflict and historical turning points.,The Battle of Kursk in 1943 was one of the largest tank battles in history and a major moment in the defeat of Nazi Germany.,Vervaeke uses such moments to show how political pseudo-religions can collide catastrophically when secularized total systems are weaponized.,manual-enrichment | POD notes doc | user-curated k sheet,POD's Awakening from the Meaning Crisis Notes,manual-pod-k-topup-2026-07-15,https://docs.google.com/document/d/1VEhfb09YIZLW1a__Ck4uq_618SYP4fwW5b3YimZaux4/edit?tab=t.0,seed-current,grounded,Promoted from user-curated k row in the POD extraction sheet. Reference snippet: omic collapse of the great depression. Seems to vindicate gnostic nightmare. World War II: Battle of Kursk * Nazism vs. Maxism meet in titanic struggle on Eastern front in WWII * B
zombies,zombies,plain-english,"A modern mythic image of living people stripped of higher agency and meaning, moving through reality in a compulsive, deadened way.","The zombie comes from Afro-Caribbean and especially Haitian religious and folklore traditions before becoming a staple modern horror figure. In contemporary culture it often symbolizes dehumanization, contagion, mass conformity, and social collapse.","Vervaeke treats zombie imagery as a cultural symptom: it expresses the fear that people can remain biologically alive while existentially, socially, or spiritually hollowed out.",manual-enrichment | POD notes doc | user-curated k1 sheet,POD's Awakening from the Meaning Crisis Notes,manual-pod-k1-2026-07-15,https://docs.google.com/document/d/1VEhfb09YIZLW1a__Ck4uq_618SYP4fwW5b3YimZaux4/edit?tab=t.0,seed-current,grounded,Promoted from user-curated k1 row in the POD extraction sheet. Translation seed hint: cultural fascination with zombies - work with mastropiestro?
